int,string,int,int,int,string,int,int,int,int,int,int,int,int,int,int,int,int,int,int,int,int,int,string,int,int,int,int,int,int,int,int,int,int,int,int,int,int,int,int,string,int,int,int,int,int,int,int,int,int,int,int,int,int,int,int,int,int,float,int,float,float,int,int,int,int
0,"Azeroth",0,0,0,"Eastern Kingdoms",0,0,0,0,0,0,0,0,0,0,0,0,0,0,0,16712190,0,,0,0,0,0,0,0,0,0,0,0,0,0,0,0,0,16712190,,0,0,0,0,0,0,0,0,0,0,0,0,0,0,0,16712190,4,1.000000,-1,0.000000,0.000000,-1,0,0,0
1,"Kalimdor",0,0,0,"Kalimdor",0,0,0,0,0,0,0,0,0,0,0,0,0,0,0,16712190,0,,0,0,0,0,0,0,0,0,0,0,0,0,0,0,0,16712188,,0,0,0,0,0,0,0,0,0,0,0,0,0,0,0,16712188,3,1.000000,-1,0.000000,0.000000,-1,0,0,0
13,"test",0,2,0,"Testing",0,0,0,0,0,0,0,0,0,0,0,0,0,0,0,16712190,3817,,0,0,0,0,0,0,0,0,0,0,0,0,0,0,0,16712188,,0,0,0,0,0,0,0,0,0,0,0,0,0,0,0,16712188,0,1.000000,-1,0.000000,0.000000,-1,0,0,0
25,"ScottTest",0,2,0,"Scott Test",0,0,0,0,0,0,0,0,0,0,0,0,0,0,0,16712190,0,,0,0,0,0,0,0,0,0,0,0,0,0,0,0,0,16712188,,0,0,0,0,0,0,0,0,0,0,0,0,0,0,0,16712188,0,1.000000,-1,0.000000,0.000000,-1,0,0,0
30,"PVPZone01",3,0,1,"Alterac Valley",0,0,0,0,0,0,0,0,0,0,0,0,0,0,0,16712190,0,"Hidden within the Alterac Mountains, Alterac Valley is the home of Thrall's own clan of orcs, the Frostwolves.\r\n\r\nThe Stormpike dwarves have established a foothold in the valley and seek to plumb its depths for riches and links to their ancestral past.\r\n\r\nThe territorial Frostwolves, unwilling to suffer the dwarven incursion, have rallied an army... an army eager for righteous slaughter.",0,0,0,0,0,0,0,0,0,0,0,0,0,0,0,16712190,"Hidden within the Alterac Mountains, Alterac Valley is the home of Thrall's own clan of orcs, the Frostwolves.\r\n\r\nThe Stormpike dwarves have established a foothold in the valley and seek to plumb its depths for riches and links to their ancestral past.\r\n\r\nThe territorial Frostwolves, unwilling to suffer the dwarven incursion, have rallied an army... an army eager for righteous slaughter.",0,0,0,0,0,0,0,0,0,0,0,0,0,0,0,16712190,104,1.000000,-1,0.000000,0.000000,-1,0,0,0
33,"Shadowfang",1,0,0,"Shadowfang Keep",0,0,0,0,0,0,0,0,0,0,0,0,0,0,0,16712190,0,,0,0,0,0,0,0,0,0,0,0,0,0,0,0,0,16712188,,0,0,0,0,0,0,0,0,0,0,0,0,0,0,0,16712188,204,1.000000,0,-230.989365,1571.570313,-1,0,0,10
34,"StormwindJail",1,0,0,"Stormwind Stockade",0,0,0,0,0,0,0,0,0,0,0,0,0,0,0,16712190,717,,0,0,0,0,0,0,0,0,0,0,0,0,0,0,0,16712188,,0,0,0,0,0,0,0,0,0,0,0,0,0,0,0,16712188,194,1.000000,0,-8762.378906,848.010315,-1,0,0,10
35,"StormwindPrison",0,0,0,"<unused>StormwindPrison",0,0,0,0,0,0,0,0,0,0,0,0,0,0,0,16712190,717,,0,0,0,0,0,0,0,0,0,0,0,0,0,0,0,16712188,,0,0,0,0,0,0,0,0,0,0,0,0,0,0,0,16712188,23,1.000000,0,-8762.476563,848.049133,-1,0,0,0
36,"DeadminesInstance",1,0,0,"Deadmines",0,0,0,0,0,0,0,0,0,0,0,0,0,0,0,16712190,0,,0,0,0,0,0,0,0,0,0,0,0,0,0,0,0,16712188,,0,0,0,0,0,0,0,0,0,0,0,0,0,0,0,16712188,142,1.000000,0,-11207.798828,1681.150879,-1,0,0,10
37,"PVPZone02",0,0,1,"Azshara Crater",0,0,0,0,0,0,0,0,0,0,0,0,0,0,0,16712190,0,"Crush the Alliance!",0,0,0,0,0,0,0,0,0,0,0,0,0,0,0,16712190,"Defend yourself from the onslaught of the Horde!",0,0,0,0,0,0,0,0,0,0,0,0,0,0,0,16712191,25,1.000000,-1,0.000000,0.000000,-1,0,0,0
42,"Collin",0,2,0,"Collin's Test",0,0,0,0,0,0,0,0,0,0,0,0,0,0,0,16712190,0,,0,0,0,0,0,0,0,0,0,0,0,0,0,0,0,16712188,,0,0,0,0,0,0,0,0,0,0,0,0,0,0,0,16712188,0,1.000000,-1,0.000000,0.000000,-1,0,0,0
43,"WailingCaverns",1,0,0,"Wailing Caverns",0,0,0,0,0,0,0,0,0,0,0,0,0,0,0,16712190,718,,0,0,0,0,0,0,0,0,0,0,0,0,0,0,0,16712188,,0,0,0,0,0,0,0,0,0,0,0,0,0,0,0,16712188,143,1.000000,1,-751.131226,-2209.240479,-1,0,0,10
44,"Monastery",1,0,0,"<unused> Monastery",0,0,0,0,0,0,0,0,0,0,0,0,0,0,0,16712190,0,,0,0,0,0,0,0,0,0,0,0,0,0,0,0,0,16712188,,0,0,0,0,0,0,0,0,0,0,0,0,0,0,0,16712188,42,1.000000,0,2892.413330,-811.241333,-1,0,0,10
47,"RazorfenKraulInstance",1,0,0,"Razorfen Kraul",0,0,0,0,0,0,0,0,0,0,0,0,0,0,0,16712190,0,,0,0,0,0,0,0,0,0,0,0,0,0,0,0,0,16712188,,0,0,0,0,0,0,0,0,0,0,0,0,0,0,0,16712188,188,1.000000,1,-4459.449219,-1660.211792,-1,0,0,10
48,"Blackfathom",1,0,0,"Blackfathom Deeps",0,0,0,0,0,0,0,0,0,0,0,0,0,0,0,16712190,719,,0,0,0,0,0,0,0,0,0,0,0,0,0,0,0,16712188,,0,0,0,0,0,0,0,0,0,0,0,0,0,0,0,16712188,196,1.000000,1,4249.120605,748.387085,-1,0,0,10
70,"Uldaman",1,0,0,"Uldaman",0,0,0,0,0,0,0,0,0,0,0,0,0,0,0,16712190,1337,,0,0,0,0,0,0,0,0,0,0,0,0,0,0,0,16712188,,0,0,0,0,0,0,0,0,0,0,0,0,0,0,0,16712188,144,1.000000,0,-6060.181641,-2954.997314,-1,0,0,10
90,"GnomeragonInstance",1,0,0,"Gnomeregan",0,0,0,0,0,0,0,0,0,0,0,0,0,0,0,16712190,721,,0,0,0,0,0,0,0,0,0,0,0,0,0,0,0,16712188,,0,0,0,0,0,0,0,0,0,0,0,0,0,0,0,16712188,193,1.000000,0,-5162.661621,931.598755,-1,0,0,10
109,"SunkenTemple",1,0,0,"Sunken Temple",0,0,0,0,0,0,0,0,0,0,0,0,0,0,0,16712190,1477,,0,0,0,0,0,0,0,0,0,0,0,0,0,0,0,16712188,,0,0,0,0,0,0,0,0,0,0,0,0,0,0,0,16712188,191,1.000000,0,-10170.103516,-3995.968018,-1,0,0,10
129,"RazorfenDowns",1,0,0,"Razorfen Downs",0,0,0,0,0,0,0,0,0,0,0,0,0,0,0,16712190,0,,0,0,0,0,0,0,0,0,0,0,0,0,0,0,0,16712188,,0,0,0,0,0,0,0,0,0,0,0,0,0,0,0,16712188,145,1.000000,1,-4662.882813,-2535.871582,-1,0,0,10
169,"EmeraldDream",2,0,0,"Emerald Dream",0,0,0,0,0,0,0,0,0,0,0,0,0,0,0,16712190,0,,0,0,0,0,0,0,0,0,0,0,0,0,0,0,0,16712188,,0,0,0,0,0,0,0,0,0,0,0,0,0,0,0,16712188,0,1.000000,-1,0.000000,0.000000,-1,0,0,40
189,"MonasteryInstances",1,0,0,"Scarlet Monastery",0,0,0,0,0,0,0,0,0,0,0,0,0,0,0,16712190,0,,0,0,0,0,0,0,0,0,0,0,0,0,0,0,0,16712188,,0,0,0,0,0,0,0,0,0,0,0,0,0,0,0,16712188,190,1.000000,0,2892.235352,-811.263672,-1,0,0,10
209,"TanarisInstance",1,0,0,"Zul'Farrak",0,0,0,0,0,0,0,0,0,0,0,0,0,0,0,16712190,0,,0,0,0,0,0,0,0,0,0,0,0,0,0,0,0,16712188,,0,0,0,0,0,0,0,0,0,0,0,0,0,0,0,16712188,146,1.000000,1,-6790.576660,-2891.278076,-1,0,0,10
229,"BlackRockSpire",1,0,0,"Blackrock Spire",0,0,0,0,0,0,0,0,0,0,0,0,0,0,0,16712190,1583,,0,0,0,0,0,0,0,0,0,0,0,0,0,0,0,16712188,,0,0,0,0,0,0,0,0,0,0,0,0,0,0,0,16712188,189,1.000000,0,-7522.526855,-1233.041504,-1,0,0,10
230,"BlackrockDepths",1,0,0,"Blackrock Depths",0,0,0,0,0,0,0,0,0,0,0,0,0,0,0,16712190,1584,,0,0,0,0,0,0,0,0,0,0,0,0,0,0,0,16712188,,0,0,0,0,0,0,0,0,0,0,0,0,0,0,0,16712188,103,1.000000,0,-7178.094727,-928.639465,-1,0,0,5
249,"OnyxiaLairInstance",2,0,0,"Onyxia's Lair",0,0,0,0,0,0,0,0,0,0,0,0,0,0,0,16712190,2159,,0,0,0,0,0,0,0,0,0,0,0,0,0,0,0,16712188,,0,0,0,0,0,0,0,0,0,0,0,0,0,0,0,16712188,61,1.000000,1,-4753.312500,-3752.421143,-1,0,0,40
269,"CavernsOfTime",1,1,0,"Opening of the Dark Portal",0,0,0,0,0,0,0,0,0,0,0,0,0,0,0,16712190,0,,0,0,0,0,0,0,0,0,0,0,0,0,0,0,0,16712188,,0,0,0,0,0,0,0,0,0,0,0,0,0,0,0,16712188,212,1.000000,1,-8750.827148,-4193.513184,-1,1,0,5
289,"SchoolofNecromancy",1,1,0,"Scholomance",0,0,0,0,0,0,0,0,0,0,0,0,0,0,0,16712190,0,,0,0,0,0,0,0,0,0,0,0,0,0,0,0,0,16712188,,0,0,0,0,0,0,0,0,0,0,0,0,0,0,0,16712188,102,1.000000,0,1274.781250,-2552.563965,-1,0,0,5
309,"Zul'gurub",2,1,0,"Zul'Gurub",0,0,0,0,0,0,0,0,0,0,0,0,0,0,0,16712190,1977,,0,0,0,0,0,0,0,0,0,0,0,0,0,0,0,16712188,,0,0,0,0,0,0,0,0,0,0,0,0,0,0,0,16712188,161,1.000000,0,-11916.059570,-1224.577148,-1,0,68400,20
329,"Stratholme",1,1,0,"Stratholme",0,0,0,0,0,0,0,0,0,0,0,0,0,0,0,16712190,0,,0,0,0,0,0,0,0,0,0,0,0,0,0,0,0,16712188,,0,0,0,0,0,0,0,0,0,0,0,0,0,0,0,16712188,101,1.000000,0,3392.316895,-3378.483154,-1,0,0,5
349,"Mauradon",1,1,0,"Maraudon",0,0,0,0,0,0,0,0,0,0,0,0,0,0,0,16712190,2100,,0,0,0,0,0,0,0,0,0,0,0,0,0,0,0,16712188,,0,0,0,0,0,0,0,0,0,0,0,0,0,0,0,16712188,81,1.000000,1,-1432.697144,2924.977539,-1,0,0,10
369,"DeeprunTram",0,1,0,"Deeprun Tram",0,0,0,0,0,0,0,0,0,0,0,0,0,0,0,16712190,2257,,0,0,0,0,0,0,0,0,0,0,0,0,0,0,0,16712188,,0,0,0,0,0,0,0,0,0,0,0,0,0,0,0,16712188,205,1.000000,0,-8349.223633,517.347961,-1,0,0,0
389,"OrgrimmarInstance",1,1,0,"Ragefire Chasm",0,0,0,0,0,0,0,0,0,0,0,0,0,0,0,16712190,2437,,0,0,0,0,0,0,0,0,0,0,0,0,0,0,0,16712188,,0,0,0,0,0,0,0,0,0,0,0,0,0,0,0,16712188,195,1.000000,1,1816.755859,-4423.371582,-1,0,0,10
409,"MoltenCore",2,1,0,"Molten Core",0,0,0,0,0,0,0,0,0,0,0,0,0,0,0,16712190,2717,,0,0,0,0,0,0,0,0,0,0,0,0,0,0,0,16712188,,0,0,0,0,0,0,0,0,0,0,0,0,0,0,0,16712188,192,1.000000,0,-7510.564941,-1036.698120,-1,0,0,40
429,"DireMaul",1,1,0,"Dire Maul",0,0,0,0,0,0,0,0,0,0,0,0,0,0,0,16712190,2557,,0,0,0,0,0,0,0,0,0,0,0,0,0,0,0,16712188,,0,0,0,0,0,0,0,0,0,0,0,0,0,0,0,16712188,82,1.000000,1,-3908.032471,1130.003540,-1,0,0,5
449,"AlliancePVPBarracks",0,1,0,"Alliance PVP Barracks",0,0,0,0,0,0,0,0,0,0,0,0,0,0,0,16712190,2918,,0,0,0,0,0,0,0,0,0,0,0,0,0,0,0,16712188,,0,0,0,0,0,0,0,0,0,0,0,0,0,0,0,16712188,181,1.000000,0,0.000000,0.000000,-1,0,0,0
450,"HordePVPBarracks",0,1,0,"Horde PVP Barracks",0,0,0,0,0,0,0,0,0,0,0,0,0,0,0,16712190,2917,,0,0,0,0,0,0,0,0,0,0,0,0,0,0,0,16712188,,0,0,0,0,0,0,0,0,0,0,0,0,0,0,0,16712188,182,1.000000,0,0.000000,0.000000,-1,0,0,0
451,"development",0,15,0,"Development Land",0,0,0,0,0,0,0,0,0,0,0,0,0,0,0,16712190,0,,0,0,0,0,0,0,0,0,0,0,0,0,0,0,0,16712188,,0,0,0,0,0,0,0,0,0,0,0,0,0,0,0,16712188,21,1.000000,0,0.000000,0.000000,-1,2,0,0
469,"BlackwingLair",2,1,0,"Blackwing Lair",0,0,0,0,0,0,0,0,0,0,0,0,0,0,0,16712190,2677,,0,0,0,0,0,0,0,0,0,0,0,0,0,0,0,16712188,,0,0,0,0,0,0,0,0,0,0,0,0,0,0,0,16712188,141,1.000000,0,-7663.412598,-1218.666504,-1,0,0,40
489,"PVPZone03",3,1,1,"Warsong Gulch",0,0,0,0,0,0,0,0,0,0,0,0,0,0,0,16712190,3277,"A valley bordering Ashenvale Forest and the Barrens, Warsong Gulch hosts a constant battle between the Horde and the Alliance.\r\n\r\nOrcs use their Warsong Mill to cut lumber reaped from Ashenvale, provoking the night elves of Silverwing Hold.\r\n\r\nEager to aid their allies, members of every race in Azeroth rush to the Gulch to lend sword, or spell, to the conflict.",0,0,0,0,0,0,0,0,0,0,0,0,0,0,0,16712190,"A valley bordering Ashenvale Forest and the Barrens, Warsong Gulch hosts a constant battle between the Horde and the Alliance.\r\n\r\nOrcs use their Warsong Mill to cut lumber reaped from Ashenvale, provoking the night elves of Silverwing Hold.\r\n\r\nEager to aid their allies, members of every race in Azeroth rush to the Gulch to lend sword, or spell, to the conflict.",0,0,0,0,0,0,0,0,0,0,0,0,0,0,0,16712190,122,1.000000,0,0.000000,0.000000,-1,0,0,0
509,"AhnQiraj",2,1,0,"Ruins of Ahn'Qiraj",0,0,0,0,0,0,0,0,0,0,0,0,0,0,0,16712190,3429,,0,0,0,0,0,0,0,0,0,0,0,0,0,0,0,16712188,,0,0,0,0,0,0,0,0,0,0,0,0,0,0,0,16712188,184,1.000000,1,-8114.464355,1526.365723,-1,0,68400,20
529,"PVPZone04",3,1,1,"Arathi Basin",0,0,0,0,0,0,0,0,0,0,0,0,0,0,0,16712190,3358,"The Arathi Basin is one of the main staging points of war between the humans and the Forsaken in Azeroth.\r\n\r\nThe Defiler's elite troopers seek to sever the vital connection between the humans and their dwarven allies to the south.\r\n\r\nMeanwhile, the League of Arathor seek to reclaim lost lands for their benefactors in Stormwind.",0,0,0,0,0,0,0,0,0,0,0,0,0,0,0,16712190,"The Arathi Basin is one of the main staging points of war between the humans and the Forsaken in Azeroth.\r\n\r\nThe League of Arathor seek to reclaim lost lands for their benefactors in Stormwind.\r\n\r\nMeanwhile, the Defiler's elite troopers seek to sever the vital connection between the humans and their dwarven allies to the south.",0,0,0,0,0,0,0,0,0,0,0,0,0,0,0,16712190,183,1.250000,0,0.000000,0.000000,-1,0,0,0
530,"Expansion01",0,1,0,"Outland",0,0,0,0,0,0,0,0,0,0,0,0,0,0,0,16712190,0,,0,0,0,0,0,0,0,0,0,0,0,0,0,0,0,16712188,,0,0,0,0,0,0,0,0,0,0,0,0,0,0,0,16712188,198,1.000000,0,0.000000,0.000000,-1,1,0,0
531,"AhnQirajTemple",2,0,0,"Ahn'Qiraj Temple",0,0,0,0,0,0,0,0,0,0,0,0,0,0,0,16712190,3428,,0,0,0,0,0,0,0,0,0,0,0,0,0,0,0,16712188,,0,0,0,0,0,0,0,0,0,0,0,0,0,0,0,16712188,185,1.000000,1,-8111.724121,1526.785767,-1,0,0,40
532,"Karazahn",2,1,0,"Karazhan",0,0,0,0,0,0,0,0,0,0,0,0,0,0,0,16712190,3457,,0,0,0,0,0,0,0,0,0,0,0,0,0,0,0,16712188,,0,0,0,0,0,0,0,0,0,0,0,0,0,0,0,16712188,200,1.000000,0,-11110.407227,-2004.065308,-1,1,0,10
533,"Stratholme Raid",2,0,0,"Naxxramas",0,0,0,0,0,0,0,0,0,0,0,0,0,0,0,16712190,3456,,0,0,0,0,0,0,0,0,0,0,0,0,0,0,0,16712188,,0,0,0,0,0,0,0,0,0,0,0,0,0,0,0,16712188,197,1.000000,0,0.000000,0.000000,-1,2,0,25
534,"HyjalPast",2,1,0,"The Battle for Mount Hyjal",0,0,0,0,0,0,0,0,0,0,0,0,0,0,0,16712190,616,,0,0,0,0,0,0,0,0,0,0,0,0,0,0,0,16712188,,0,0,0,0,0,0,0,0,0,0,0,0,0,0,0,16712188,212,1.000000,1,-8178.507813,-4182.050293,-1,1,0,25
540,"HellfireMilitary",1,1,0,"Hellfire Citadel: The Shattered Halls",0,0,0,0,0,0,0,0,0,0,0,0,0,0,0,16712190,3714,,0,0,0,0,0,0,0,0,0,0,0,0,0,0,0,16712188,,0,0,0,0,0,0,0,0,0,0,0,0,0,0,0,16712188,199,1.000000,530,-306.758179,3064.435547,-1,1,0,5
542,"HellfireDemon",1,1,0,"Hellfire Citadel: The Blood Furnace",0,0,0,0,0,0,0,0,0,0,0,0,0,0,0,16712190,3713,,0,0,0,0,0,0,0,0,0,0,0,0,0,0,0,16712188,,0,0,0,0,0,0,0,0,0,0,0,0,0,0,0,16712188,199,1.000000,530,-295.419342,3151.992676,-1,1,0,5
543,"HellfireRampart",1,1,0,"Hellfire Citadel: Ramparts",0,0,0,0,0,0,0,0,0,0,0,0,0,0,0,16712190,3562,,0,0,0,0,0,0,0,0,0,0,0,0,0,0,0,16712188,,0,0,0,0,0,0,0,0,0,0,0,0,0,0,0,16712188,199,1.000000,530,-360.049866,3067.895508,-1,1,0,5
544,"HellfireRaid",2,1,0,"Magtheridon's Lair",0,0,0,0,0,0,0,0,0,0,0,0,0,0,0,16712190,3836,,0,0,0,0,0,0,0,0,0,0,0,0,0,0,0,16712188,,0,0,0,0,0,0,0,0,0,0,0,0,0,0,0,16712188,208,1.000000,530,-330.233856,3106.635986,-1,1,0,25
545,"CoilfangPumping",1,1,0,"Coilfang: The Steamvault",0,0,0,0,0,0,0,0,0,0,0,0,0,0,0,16712190,3715,,0,0,0,0,0,0,0,0,0,0,0,0,0,0,0,16712188,,0,0,0,0,0,0,0,0,0,0,0,0,0,0,0,16712188,207,1.000000,530,764.219055,6915.079590,-1,1,0,5
546,"CoilfangMarsh",1,1,0,"Coilfang: The Underbog",0,0,0,0,0,0,0,0,0,0,0,0,0,0,0,16712190,3716,,0,0,0,0,0,0,0,0,0,0,0,0,0,0,0,16712188,,0,0,0,0,0,0,0,0,0,0,0,0,0,0,0,16712188,207,1.000000,530,764.628235,6768.072754,-1,1,0,5
547,"CoilfangDraenei",1,1,0,"Coilfang: The Slave Pens",0,0,0,0,0,0,0,0,0,0,0,0,0,0,0,16712190,3717,,0,0,0,0,0,0,0,0,0,0,0,0,0,0,0,16712188,,0,0,0,0,0,0,0,0,0,0,0,0,0,0,0,16712188,207,1.000000,530,742.158203,7011.326660,-1,1,0,5
548,"CoilfangRaid",2,1,0,"Coilfang: Serpentshrine Cavern",0,0,0,0,0,0,0,0,0,0,0,0,0,0,0,16712190,3607,,0,0,0,0,0,0,0,0,0,0,0,0,0,0,0,16712188,,0,0,0,0,0,0,0,0,0,0,0,0,0,0,0,16712188,207,1.000000,530,775.786377,6865.242676,-1,1,0,25
550,"TempestKeepRaid",2,1,0,"Tempest Keep",0,0,0,0,0,0,0,0,0,0,0,0,0,0,0,16712190,3845,,0,0,0,0,0,0,0,0,0,0,0,0,0,0,0,16712188,,0,0,0,0,0,0,0,0,0,0,0,0,0,0,0,16712188,206,1.000000,0,0.000000,0.000000,-1,1,0,25
552,"TempestKeepArcane",1,1,0,"Tempest Keep: The Arcatraz",0,0,0,0,0,0,0,0,0,0,0,0,0,0,0,16712190,3848,,0,0,0,0,0,0,0,0,0,0,0,0,0,0,0,16712188,,0,0,0,0,0,0,0,0,0,0,0,0,0,0,0,16712188,206,1.000000,0,0.000000,0.000000,-1,1,0,5
553,"TempestKeepAtrium",1,1,0,"Tempest Keep: The Botanica",0,0,0,0,0,0,0,0,0,0,0,0,0,0,0,16712190,3847,,0,0,0,0,0,0,0,0,0,0,0,0,0,0,0,16712188,,0,0,0,0,0,0,0,0,0,0,0,0,0,0,0,16712188,206,1.000000,0,0.000000,0.000000,-1,1,0,5
554,"TempestKeepFactory",1,1,0,"Tempest Keep: The Mechanar",0,0,0,0,0,0,0,0,0,0,0,0,0,0,0,16712190,3849,,0,0,0,0,0,0,0,0,0,0,0,0,0,0,0,16712188,,0,0,0,0,0,0,0,0,0,0,0,0,0,0,0,16712188,206,1.000000,0,0.000000,0.000000,-1,1,0,5
555,"AuchindounShadow",1,1,0,"Auchindoun: Shadow Labyrinth",0,0,0,0,0,0,0,0,0,0,0,0,0,0,0,16712190,3789,,0,0,0,0,0,0,0,0,0,0,0,0,0,0,0,16712188,,0,0,0,0,0,0,0,0,0,0,0,0,0,0,0,16712188,201,1.000000,530,-3640.687744,4943.162598,-1,1,0,5
556,"AuchindounDemon",1,1,0,"Auchindoun: Sethekk Halls",0,0,0,0,0,0,0,0,0,0,0,0,0,0,0,16712190,3791,,0,0,0,0,0,0,0,0,0,0,0,0,0,0,0,16712188,,0,0,0,0,0,0,0,0,0,0,0,0,0,0,0,16712188,201,1.000000,530,-3361.862549,4665.592285,-1,1,0,5
557,"AuchindounEthereal",1,1,0,"Auchindoun: Mana-Tombs",0,0,0,0,0,0,0,0,0,0,0,0,0,0,0,16712190,3792,,0,0,0,0,0,0,0,0,0,0,0,0,0,0,0,16712188,,0,0,0,0,0,0,0,0,0,0,0,0,0,0,0,16712188,201,1.000000,530,-3089.516357,4942.756348,-1,1,0,5
558,"AuchindounDraenei",1,1,0,"Auchindoun: Auchenai Crypts",0,0,0,0,0,0,0,0,0,0,0,0,0,0,0,16712190,3790,,0,0,0,0,0,0,0,0,0,0,0,0,0,0,0,16712188,,0,0,0,0,0,0,0,0,0,0,0,0,0,0,0,16712188,201,1.000000,530,-3363.439941,5156.455078,-1,1,0,5
559,"PVPZone05",4,1,0,"Nagrand Arena",0,0,0,0,0,0,0,0,0,0,0,0,0,0,0,16712190,0,,0,0,0,0,0,0,0,0,0,0,0,0,0,0,0,16712188,,0,0,0,0,0,0,0,0,0,0,0,0,0,0,0,16712188,219,1.000000,0,0.000000,0.000000,-1,0,0,0
560,"HillsbradPast",1,1,0,"The Escape From Durnholde",0,0,0,0,0,0,0,0,0,0,0,0,0,0,0,16712190,267,,0,0,0,0,0,0,0,0,0,0,0,0,0,0,0,16712188,,0,0,0,0,0,0,0,0,0,0,0,0,0,0,0,16712188,212,1.000000,1,-8309.809570,-4061.508789,-1,1,0,5
562,"bladesedgearena",4,1,0,"Blade's Edge Arena",0,0,0,0,0,0,0,0,0,0,0,0,0,0,0,16712190,3702,,0,0,0,0,0,0,0,0,0,0,0,0,0,0,0,16712188,,0,0,0,0,0,0,0,0,0,0,0,0,0,0,0,16712188,218,1.000000,0,0.000000,0.000000,-1,0,0,0
564,"BlackTemple",2,1,0,"Black Temple",0,0,0,0,0,0,0,0,0,0,0,0,0,0,0,16712190,0,,0,0,0,0,0,0,0,0,0,0,0,0,0,0,0,16712188,,0,0,0,0,0,0,0,0,0,0,0,0,0,0,0,16712188,215,1.000000,530,-3644.527344,317.293671,-1,1,0,25
565,"GruulsLair",2,1,0,"Gruul's Lair",0,0,0,0,0,0,0,0,0,0,0,0,0,0,0,16712190,3923,,0,0,0,0,0,0,0,0,0,0,0,0,0,0,0,16712188,,0,0,0,0,0,0,0,0,0,0,0,0,0,0,0,16712188,213,1.000000,530,3525.452881,5144.150879,-1,1,0,25
566,"NetherstormBG",3,1,1,"Eye of the Storm",0,0,0,0,0,0,0,0,0,0,0,0,0,0,0,16712190,0,"Hovering high above the ravaged landscape of Netherstorm is the island known as the Eye of the Storm.\r\n\r\nThis battlefield is coveted by the blood elves for its rich energy deposits.\r\n\r\nThe draenei seek to claim it due to its proximity to the naaru's mysterious vessel, Tempest Keep.",0,0,0,0,0,0,0,0,0,0,0,0,0,0,0,16712190,"Hovering high above the ravaged landscape of Netherstorm is the island known as the Eye of the Storm.\r\n\r\nThe draenei seek to claim it due to its proximity to the naaru's mysterious vessel, Tempest Keep.\r\n\r\nThis battlefield is coveted by the blood elves for its rich energy deposits.",0,0,0,0,0,0,0,0,0,0,0,0,0,0,0,16712190,210,1.000000,0,0.000000,0.000000,-1,1,0,0
568,"ZulAman",2,1,0,"Zul'Aman",0,0,0,0,0,0,0,0,0,0,0,0,0,0,0,16712190,0,,0,0,0,0,0,0,0,0,0,0,0,0,0,0,0,16712188,,0,0,0,0,0,0,0,0,0,0,0,0,0,0,0,16712188,214,1.000000,530,6851.020996,-7989.713379,-1,1,0,10
571,"Northrend",0,29,0,"Northrend",0,0,0,0,0,0,0,0,0,0,0,0,0,0,0,16712190,0,,0,0,0,0,0,0,0,0,0,0,0,0,0,0,0,16712188,,0,0,0,0,0,0,0,0,0,0,0,0,0,0,0,16712188,216,1.000000,0,0.000000,0.000000,-1,2,0,0
572,"PVPLordaeron",4,1,0,"Ruins of Lordaeron",0,0,0,0,0,0,0,0,0,0,0,0,0,0,0,16712190,0,,0,0,0,0,0,0,0,0,0,0,0,0,0,0,0,16712188,,0,0,0,0,0,0,0,0,0,0,0,0,0,0,0,16712188,217,1.000000,0,0.000000,0.000000,-1,0,0,0
573,"ExteriorTest",0,15,0,"ExteriorTest",0,0,0,0,0,0,0,0,0,0,0,0,0,0,0,16712190,0,,0,0,0,0,0,0,0,0,0,0,0,0,0,0,0,16712188,,0,0,0,0,0,0,0,0,0,0,0,0,0,0,0,16712188,0,1.000000,0,0.000000,0.000000,-1,2,0,0
574,"Valgarde70",1,13,0,"Utgarde Keep",0,0,0,0,0,0,0,0,0,0,0,0,0,0,0,16712190,0,,0,0,0,0,0,0,0,0,0,0,0,0,0,0,0,16712188,,0,0,0,0,0,0,0,0,0,0,0,0,0,0,0,16712188,220,1.000000,571,1211.759399,-4868.421875,-1,2,0,5
575,"UtgardePinnacle",1,13,0,"Utgarde Pinnacle",0,0,0,0,0,0,0,0,0,0,0,0,0,0,0,16712190,0,,0,0,0,0,0,0,0,0,0,0,0,0,0,0,0,16712188,,0,0,0,0,0,0,0,0,0,0,0,0,0,0,0,16712188,221,1.000000,571,1232.409790,-4860.953613,-1,2,0,5
576,"Nexus70",1,1,0,"The Nexus",0,0,0,0,0,0,0,0,0,0,0,0,0,0,0,16712190,4265,,0,0,0,0,0,0,0,0,0,0,0,0,0,0,0,16712188,,0,0,0,0,0,0,0,0,0,0,0,0,0,0,0,16712188,226,1.000000,571,3899.925781,6985.435547,-1,2,0,5
578,"Nexus80",1,13,0,"The Oculus",0,0,0,0,0,0,0,0,0,0,0,0,0,0,0,16712190,0,,0,0,0,0,0,0,0,0,0,0,0,0,0,0,0,16712188,,0,0,0,0,0,0,0,0,0,0,0,0,0,0,0,16712188,227,1.000000,571,3865.923096,6983.939941,-1,2,0,5
580,"SunwellPlateau",2,1,0,"The Sunwell",0,0,0,0,0,0,0,0,0,0,0,0,0,0,0,16712190,0,,0,0,0,0,0,0,0,0,0,0,0,0,0,0,0,16712188,,0,0,0,0,0,0,0,0,0,0,0,0,0,0,0,16712188,225,1.000000,530,12551.762695,-6774.565430,-1,1,0,25
582,"Transport176244",0,1,0,"Transport: Rut'theran to Auberdine",0,0,0,0,0,0,0,0,0,0,0,0,0,0,0,16712190,0,,0,0,0,0,0,0,0,0,0,0,0,0,0,0,0,16712188,,0,0,0,0,0,0,0,0,0,0,0,0,0,0,0,16712188,0,1.000000,0,0.000000,0.000000,-1,0,0,0
584,"Transport176231",0,1,0,"Transport: Menethil to Theramore",0,0,0,0,0,0,0,0,0,0,0,0,0,0,0,16712190,0,,0,0,0,0,0,0,0,0,0,0,0,0,0,0,0,16712188,,0,0,0,0,0,0,0,0,0,0,0,0,0,0,0,16712188,0,1.000000,0,0.000000,0.000000,-1,0,0,0
585,"Sunwell5ManFix",1,13,0,"Magister's Terrace",0,0,0,0,0,0,0,0,0,0,0,0,0,0,0,16712190,0,,0,0,0,0,0,0,0,0,0,0,0,0,0,0,0,16712188,,0,0,0,0,0,0,0,0,0,0,0,0,0,0,0,16712188,224,1.000000,530,12881.902344,-7343.094727,-1,1,0,5
586,"Transport181645",0,1,0,"Transport: Exodar to Auberdine",0,0,0,0,0,0,0,0,0,0,0,0,0,0,0,16712190,0,,0,0,0,0,0,0,0,0,0,0,0,0,0,0,0,16712188,,0,0,0,0,0,0,0,0,0,0,0,0,0,0,0,16712188,0,1.000000,0,0.000000,0.000000,-1,0,0,0
587,"Transport177233",0,1,0,"Transport: Feathermoon Ferry",0,0,0,0,0,0,0,0,0,0,0,0,0,0,0,16712190,0,,0,0,0,0,0,0,0,0,0,0,0,0,0,0,0,16712188,,0,0,0,0,0,0,0,0,0,0,0,0,0,0,0,16712188,0,1.000000,0,0.000000,0.000000,-1,0,0,0
588,"Transport176310",0,1,0,"Transport: Menethil to Auberdine",0,0,0,0,0,0,0,0,0,0,0,0,0,0,0,16712190,0,,0,0,0,0,0,0,0,0,0,0,0,0,0,0,0,16712188,,0,0,0,0,0,0,0,0,0,0,0,0,0,0,0,16712188,0,1.000000,0,0.000000,0.000000,-1,0,0,0
589,"Transport175080",0,1,0,"Transport: Orgrimmar to Grom'Gol",0,0,0,0,0,0,0,0,0,0,0,0,0,0,0,16712190,0,,0,0,0,0,0,0,0,0,0,0,0,0,0,0,0,16712188,,0,0,0,0,0,0,0,0,0,0,0,0,0,0,0,16712188,0,1.000000,0,0.000000,0.000000,-1,0,0,0
590,"Transport176495",0,1,0,"Transport: Grom'Gol to Undercity",0,0,0,0,0,0,0,0,0,0,0,0,0,0,0,16712190,0,,0,0,0,0,0,0,0,0,0,0,0,0,0,0,0,16712188,,0,0,0,0,0,0,0,0,0,0,0,0,0,0,0,16712188,0,1.000000,0,0.000000,0.000000,-1,0,0,0
591,"Transport164871",0,1,0,"Transport: Undercity to Orgrimmar",0,0,0,0,0,0,0,0,0,0,0,0,0,0,0,16712190,0,,0,0,0,0,0,0,0,0,0,0,0,0,0,0,0,16712188,,0,0,0,0,0,0,0,0,0,0,0,0,0,0,0,16712188,0,1.000000,0,0.000000,0.000000,-1,0,0,0
592,"Transport186238",0,1,0,"Transport: Borean Tundra Test",0,0,0,0,0,0,0,0,0,0,0,0,0,0,0,16712190,0,,0,0,0,0,0,0,0,0,0,0,0,0,0,0,0,16712188,,0,0,0,0,0,0,0,0,0,0,0,0,0,0,0,16712188,0,1.000000,0,0.000000,0.000000,-1,0,0,0
593,"Transport20808",0,1,0,"Transport: Booty Bay to Ratchet",0,0,0,0,0,0,0,0,0,0,0,0,0,0,0,16712190,0,,0,0,0,0,0,0,0,0,0,0,0,0,0,0,0,16712188,,0,0,0,0,0,0,0,0,0,0,0,0,0,0,0,16712188,0,1.000000,0,0.000000,0.000000,-1,0,0,0
594,"Transport187038",0,1,0,"Transport: Howling Fjord Sister Mercy (Quest)",0,0,0,0,0,0,0,0,0,0,0,0,0,0,0,16712190,0,,0,0,0,0,0,0,0,0,0,0,0,0,0,0,0,16712188,,0,0,0,0,0,0,0,0,0,0,0,0,0,0,0,16712188,0,1.000000,0,0.000000,0.000000,-1,2,0,0
595,"StratholmeCOT",1,1,0,"The Culling of Stratholme",0,0,0,0,0,0,0,0,0,0,0,0,0,0,0,16712190,0,,0,0,0,0,0,0,0,0,0,0,0,0,0,0,0,16712188,,0,0,0,0,0,0,0,0,0,0,0,0,0,0,0,16712188,222,1.000000,1,-8756.086914,-4457.417969,-1,2,0,5
596,"Transport187263",0,1,0,"Transport: Naglfar",0,0,0,0,0,0,0,0,0,0,0,0,0,0,0,16712190,0,,0,0,0,0,0,0,0,0,0,0,0,0,0,0,0,16712188,,0,0,0,0,0,0,0,0,0,0,0,0,0,0,0,16712188,0,1.000000,0,0.000000,0.000000,-1,2,0,0
597,"CraigTest",0,15,0,"Craig Test",0,0,0,0,0,0,0,0,0,0,0,0,0,0,0,16712190,0,,0,0,0,0,0,0,0,0,0,0,0,0,0,0,0,16712188,,0,0,0,0,0,0,0,0,0,0,0,0,0,0,0,16712188,0,1.000000,0,0.000000,0.000000,-1,0,0,0
598,"Sunwell5Man",1,1,0,"Sunwell Fix (Unused)",0,0,0,0,0,0,0,0,0,0,0,0,0,0,0,16712190,0,,0,0,0,0,0,0,0,0,0,0,0,0,0,0,0,16712188,,0,0,0,0,0,0,0,0,0,0,0,0,0,0,0,16712188,4,1.000000,0,0.000000,0.000000,-1,1,0,5
599,"Ulduar70",1,13,0,"Halls of Stone",0,0,0,0,0,0,0,0,0,0,0,0,0,0,0,16712190,0,,0,0,0,0,0,0,0,0,0,0,0,0,0,0,0,16712188,,0,0,0,0,0,0,0,0,0,0,0,0,0,0,0,16712188,230,1.000000,571,8921.792969,-966.806458,-1,2,0,5
600,"DrakTheronKeep",1,13,0,"Drak'Tharon Keep",0,0,0,0,0,0,0,0,0,0,0,0,0,0,0,16712190,0,,0,0,0,0,0,0,0,0,0,0,0,0,0,0,0,16712188,,0,0,0,0,0,0,0,0,0,0,0,0,0,0,0,16712188,228,1.000000,571,4774.583008,-2023.049072,-1,2,0,5
601,"Azjol_Uppercity",1,13,0,"Azjol-Nerub",0,0,0,0,0,0,0,0,0,0,0,0,0,0,0,16712190,0,,0,0,0,0,0,0,0,0,0,0,0,0,0,0,0,16712188,,0,0,0,0,0,0,0,0,0,0,0,0,0,0,0,16712188,229,1.000000,571,3672.215332,2171.275146,-1,2,0,5
602,"Ulduar80",1,13,0,"Halls of Lightning",0,0,0,0,0,0,0,0,0,0,0,0,0,0,0,16712190,0,,0,0,0,0,0,0,0,0,0,0,0,0,0,0,0,16712188,,0,0,0,0,0,0,0,0,0,0,0,0,0,0,0,16712188,231,1.000000,571,9185.087891,-1386.790649,-1,2,0,5
603,"UlduarRaid",2,13,0,"Ulduar",0,0,0,0,0,0,0,0,0,0,0,0,0,0,0,16712190,0,,0,0,0,0,0,0,0,0,0,0,0,0,0,0,0,16712188,,0,0,0,0,0,0,0,0,0,0,0,0,0,0,0,16712190,244,1.000000,571,9359.371094,-1115.175415,0,2,0,5
604,"GunDrak",1,13,0,"Gundrak",0,0,0,0,0,0,0,0,0,0,0,0,0,0,0,16712190,0,,0,0,0,0,0,0,0,0,0,0,0,0,0,0,0,16712188,,0,0,0,0,0,0,0,0,0,0,0,0,0,0,0,16712188,237,1.000000,571,6708.730957,-4654.903809,-1,2,0,5
605,"development_nonweighted",0,17,0,"Development Land (non-weighted textures)",0,0,0,0,0,0,0,0,0,0,0,0,0,0,0,16712190,0,,0,0,0,0,0,0,0,0,0,0,0,0,0,0,0,16712188,,0,0,0,0,0,0,0,0,0,0,0,0,0,0,0,16712188,21,1.000000,0,0.000000,0.000000,-1,0,0,0
606,"QA_DVD",0,31,0,"QA and DVD",0,0,0,0,0,0,0,0,0,0,0,0,0,0,0,16712190,0,,0,0,0,0,0,0,0,0,0,0,0,0,0,0,0,16712188,,0,0,0,0,0,0,0,0,0,0,0,0,0,0,0,16712188,21,1.000000,0,0.000000,0.000000,-1,2,0,0
607,"NorthrendBG",3,29,1,"Strand of the Ancients",0,0,0,0,0,0,0,0,0,0,0,0,0,0,0,16712190,0,"To the south of Dragonblight lies the resting place of a legendary Titan artifact, known by the Alliance and Horde to possess critical information regarding the Titans and their methods.\r\n\r\nPrepare yourself for battle, for fate cannot determine success upon this Strand of the Ancients.",0,0,0,0,0,0,0,0,0,0,0,0,0,0,0,16712190,"To the south of Dragonblight lies the resting place of a legendary Titan artifact, known by the Alliance and Horde to possess critical information regarding the Titans and their methods.\r\n\r\nPrepare yourself for battle, for fate cannot determine success upon this Strand of the Ancients.",0,0,0,0,0,0,0,0,0,0,0,0,0,0,0,16712190,238,1.000000,0,0.000000,0.000000,-1,2,0,0
608,"DalaranPrison",1,29,0,"Violet Hold",0,0,0,0,0,0,0,0,0,0,0,0,0,0,0,16712190,0,,0,0,0,0,0,0,0,0,0,0,0,0,0,0,0,16712188,,0,0,0,0,0,0,0,0,0,0,0,0,0,0,0,16712188,235,1.000000,571,5689.489746,498.046936,-1,2,0,5
609,"DeathKnightStart",0,29,0,"Ebon Hold",0,0,0,0,0,0,0,0,0,0,0,0,0,0,0,16712190,0,,0,0,0,0,0,0,0,0,0,0,0,0,0,0,0,16712188,,0,0,0,0,0,0,0,0,0,0,0,0,0,0,0,16712188,233,1.000000,0,0.000000,0.000000,-1,2,0,0
610,"Transport_Tirisfal _Vengeance_Landing",0,1,0,"Transport: Tirisfal to Vengeance Landing",0,0,0,0,0,0,0,0,0,0,0,0,0,0,0,16712190,0,,0,0,0,0,0,0,0,0,0,0,0,0,0,0,0,16712188,,0,0,0,0,0,0,0,0,0,0,0,0,0,0,0,16712188,0,1.000000,0,0.000000,0.000000,-1,0,0,0
612,"Transport_Menethil_Valgarde",0,1,0,"Transport: Menethil to Valgarde",0,0,0,0,0,0,0,0,0,0,0,0,0,0,0,16712190,0,,0,0,0,0,0,0,0,0,0,0,0,0,0,0,0,16712188,,0,0,0,0,0,0,0,0,0,0,0,0,0,0,0,16712188,0,1.000000,0,0.000000,0.000000,-1,0,0,0
613,"Transport_Orgrimmar_Warsong_Hold",0,1,0,"Transport: Orgrimmar to Warsong Hold",0,0,0,0,0,0,0,0,0,0,0,0,0,0,0,16712190,0,,0,0,0,0,0,0,0,0,0,0,0,0,0,0,0,16712188,,0,0,0,0,0,0,0,0,0,0,0,0,0,0,0,16712188,0,1.000000,0,0.000000,0.000000,-1,0,0,0
614,"Transport_Stormwind_Valiance_Keep",0,1,0,"Transport: Stormwind to Valiance Keep",0,0,0,0,0,0,0,0,0,0,0,0,0,0,0,16712190,0,,0,0,0,0,0,0,0,0,0,0,0,0,0,0,0,16712188,,0,0,0,0,0,0,0,0,0,0,0,0,0,0,0,16712188,0,1.000000,0,0.000000,0.000000,-1,0,0,0
615,"ChamberOfAspectsBlack",2,29,0,"The Obsidian Sanctum",0,0,0,0,0,0,0,0,0,0,0,0,0,0,0,16712190,0,,0,0,0,0,0,0,0,0,0,0,0,0,0,0,0,16712188,,0,0,0,0,0,0,0,0,0,0,0,0,0,0,0,16712188,239,1.000000,571,3438.153320,260.401306,-1,2,0,0
616,"NexusRaid",2,29,0,"The Eye of Eternity",0,0,0,0,0,0,0,0,0,0,0,0,0,0,0,16712190,0,,0,0,0,0,0,0,0,0,0,0,0,0,0,0,0,16712188,,0,0,0,0,0,0,0,0,0,0,0,0,0,0,0,16712188,236,1.000000,571,3869.981445,6984.330078,-1,2,0,5
617,"DalaranArena",4,29,0,"Dalaran Sewers",0,0,0,0,0,0,0,0,0,0,0,0,0,0,0,16712190,0,,0,0,0,0,0,0,0,0,0,0,0,0,0,0,0,16712188,,0,0,0,0,0,0,0,0,0,0,0,0,0,0,0,16712188,242,1.000000,0,0.000000,0.000000,0,0,0,0
618,"OrgrimmarArena",4,29,0,"The Ring of Valor",0,0,0,0,0,0,0,0,0,0,0,0,0,0,0,16712190,0,,0,0,0,0,0,0,0,0,0,0,0,0,0,0,0,16712188,,0,0,0,0,0,0,0,0,0,0,0,0,0,0,0,16712188,240,1.000000,0,0.000000,0.000000,720,0,0,0
619,"Azjol_LowerCity",1,29,0,"Ahn'kahet: The Old Kingdom",0,0,0,0,0,0,0,0,0,0,0,0,0,0,0,16712190,0,,0,0,0,0,0,0,0,0,0,0,0,0,0,0,0,16712188,,0,0,0,0,0,0,0,0,0,0,0,0,0,0,0,16712188,234,1.000000,571,3641.458008,2032.063843,-1,2,0,0
620,"Transport_Moa'ki_Unu'pe",0,1,0,"Transport: Moa'ki to Unu'pe",0,0,0,0,0,0,0,0,0,0,0,0,0,0,0,16712190,0,,0,0,0,0,0,0,0,0,0,0,0,0,0,0,0,16712188,,0,0,0,0,0,0,0,0,0,0,0,0,0,0,0,16712188,0,1.000000,0,0.000000,0.000000,-1,2,0,0
621,"Transport_Moa'ki_Kamagua",0,1,0,"Transport: Moa'ki to Kamagua",0,0,0,0,0,0,0,0,0,0,0,0,0,0,0,16712190,0,,0,0,0,0,0,0,0,0,0,0,0,0,0,0,0,16712188,,0,0,0,0,0,0,0,0,0,0,0,0,0,0,0,16712188,0,1.000000,0,0.000000,0.000000,-1,2,0,0
622,"Transport192241",0,1,0,"Transport: Orgrim's Hammer",0,0,0,0,0,0,0,0,0,0,0,0,0,0,0,16712190,0,,0,0,0,0,0,0,0,0,0,0,0,0,0,0,0,16712188,,0,0,0,0,0,0,0,0,0,0,0,0,0,0,0,16712188,0,1.000000,0,0.000000,0.000000,-1,2,0,0
623,"Transport192242",0,1,0,"Transport: The Skybreaker",0,0,0,0,0,0,0,0,0,0,0,0,0,0,0,16712190,0,,0,0,0,0,0,0,0,0,0,0,0,0,0,0,0,16712188,,0,0,0,0,0,0,0,0,0,0,0,0,0,0,0,16712188,0,1.000000,0,0.000000,0.000000,-1,2,0,0
624,"WintergraspRaid",2,61,0,"Vault of Archavon",0,0,0,0,0,0,0,0,0,0,0,0,0,0,0,16712190,0,,0,0,0,0,0,0,0,0,0,0,0,0,0,0,0,16712188,,0,0,0,0,0,0,0,0,0,0,0,0,0,0,0,16712188,243,1.000000,571,5488.124512,2840.333740,-1,2,0,0
628,"IsleofConquest",3,29,1,"Isle of Conquest",0,0,0,0,0,0,0,0,0,0,0,0,0,0,0,16712190,0,"The Isle of Conquest is a point of strategic importance for the Alliance and Horde campaigns in Northrend.\r\n\r\nServing as an ideal staging ground for operations in Icecrown, each side is determined to secure control of the island.\r\n\r\nWith the 7th Legion and the Kor'kron Guard locked in deadly combat, both factions have issued a call to arms in hopes of tipping the scales in their favor and defeating the opposing general.",0,0,0,0,0,0,0,0,0,0,0,0,0,0,0,16712190,"The Isle of Conquest is a point of strategic importance for the Alliance and Horde campaigns in Northrend.\r\n\r\nServing as an ideal staging ground for operations in Icecrown, each side is determined to secure control of the island.\r\n\r\nWith the 7th Legion and the Kor'kron Guard locked in deadly combat, both factions have issued a call to arms in hopes of tipping the scales in their favor and defeating the opposing general.",0,0,0,0,0,0,0,0,0,0,0,0,0,0,0,16712190,245,1.000000,0,0.000000,0.000000,-1,2,0,0
631,"IcecrownCitadel",2,285,0,"Icecrown Citadel",0,0,0,0,0,0,0,0,0,0,0,0,0,0,0,16712190,0,,0,0,0,0,0,0,0,0,0,0,0,0,0,0,0,16712188,,0,0,0,0,0,0,0,0,0,0,0,0,0,0,0,16712188,250,1.000000,571,5776.921875,2065.932373,-1,2,0,0
632,"IcecrownCitadel5Man",1,29,0,"The Forge of Souls",0,0,0,0,0,0,0,0,0,0,0,0,0,0,0,16712190,0,,0,0,0,0,0,0,0,0,0,0,0,0,0,0,0,16712188,,0,0,0,0,0,0,0,0,0,0,0,0,0,0,0,16712188,249,1.000000,571,5670.791504,2003.628540,-1,2,0,0
641,"Transport_AllianceAirshipBG",0,1,0,"Transport: Alliance Airship BG",0,0,0,0,0,0,0,0,0,0,0,0,0,0,0,16712190,0,,0,0,0,0,0,0,0,0,0,0,0,0,0,0,0,16712188,,0,0,0,0,0,0,0,0,0,0,0,0,0,0,0,16712188,0,1.000000,0,0.000000,0.000000,-1,2,0,0
642,"Transport_HordeAirshipBG",0,1,0,"Transport: HordeAirshipBG",0,0,0,0,0,0,0,0,0,0,0,0,0,0,0,16712190,0,,0,0,0,0,0,0,0,0,0,0,0,0,0,0,0,16712188,,0,0,0,0,0,0,0,0,0,0,0,0,0,0,0,16712188,0,1.000000,0,0.000000,0.000000,-1,2,0,0
647,"Transport_Orgrimmar_to_Thunderbluff",0,1,0,"Transport: Orgrimmar to Thunder Bluff",0,0,0,0,0,0,0,0,0,0,0,0,0,0,0,16712190,0,,0,0,0,0,0,0,0,0,0,0,0,0,0,0,0,16712188,,0,0,0,0,0,0,0,0,0,0,0,0,0,0,0,16712188,0,1.000000,0,0.000000,0.000000,-1,2,0,0
649,"ArgentTournamentRaid",2,29,0,"Trial of the Crusader",0,0,0,0,0,0,0,0,0,0,0,0,0,0,0,16712190,0,,0,0,0,0,0,0,0,0,0,0,0,0,0,0,0,16712188,,0,0,0,0,0,0,0,0,0,0,0,0,0,0,0,16712188,246,1.000000,571,8515.286133,736.137146,-1,2,0,0
650,"ArgentTournamentDungeon",1,29,0,"Trial of the Champion",0,0,0,0,0,0,0,0,0,0,0,0,0,0,0,16712190,0,,0,0,0,0,0,0,0,0,0,0,0,0,0,0,0,16712188,,0,0,0,0,0,0,0,0,0,0,0,0,0,0,0,16712188,247,1.000000,571,8571.434570,792.220520,-1,2,0,0
658,"QuarryofTears",1,29,0,"Pit of Saron",0,0,0,0,0,0,0,0,0,0,0,0,0,0,0,16712190,0,,0,0,0,0,0,0,0,0,0,0,0,0,0,0,0,16712188,,0,0,0,0,0,0,0,0,0,0,0,0,0,0,0,16712188,252,1.000000,571,5592.057129,2010.270874,-1,2,0,0
668,"HallsOfReflection",1,29,0,"Halls of Reflection",0,0,0,0,0,0,0,0,0,0,0,0,0,0,0,16712190,0,,0,0,0,0,0,0,0,0,0,0,0,0,0,0,0,16712188,,0,0,0,0,0,0,0,0,0,0,0,0,0,0,0,16712188,253,1.000000,571,5628.875000,1973.286499,-1,2,0,0
672,"Transport197347",0,1,0,"Transport: The Skybreaker (Icecrown Citadel Raid)",0,0,0,0,0,0,0,0,0,0,0,0,0,0,0,16712190,0,,0,0,0,0,0,0,0,0,0,0,0,0,0,0,0,16712188,,0,0,0,0,0,0,0,0,0,0,0,0,0,0,0,16712188,0,1.000000,0,0.000000,0.000000,-1,2,0,0
673,"Transport197348",0,1,0,"Transport: Orgrim's Hammer (Icecrown Citadel Raid)",0,0,0,0,0,0,0,0,0,0,0,0,0,0,0,16712190,0,,0,0,0,0,0,0,0,0,0,0,0,0,0,0,0,16712188,,0,0,0,0,0,0,0,0,0,0,0,0,0,0,0,16712188,0,1.000000,0,0.000000,0.000000,-1,2,0,0
712,"Transport197349",0,1,0,"Transport: The Skybreaker (IC Dungeon)",0,0,0,0,0,0,0,0,0,0,0,0,0,0,0,16712190,0,,0,0,0,0,0,0,0,0,0,0,0,0,0,0,0,16712188,,0,0,0,0,0,0,0,0,0,0,0,0,0,0,0,16712188,0,1.000000,0,0.000000,0.000000,-1,2,0,0
713,"Transport197350",0,1,0,"Transport: Orgrim's Hammer (IC Dungeon)",0,0,0,0,0,0,0,0,0,0,0,0,0,0,0,16712190,0,,0,0,0,0,0,0,0,0,0,0,0,0,0,0,0,16712188,,0,0,0,0,0,0,0,0,0,0,0,0,0,0,0,16712188,0,1.000000,0,0.000000,0.000000,-1,2,0,0
718,"Transport201834",0,1,0,"Trasnport: The Mighty Wind (Icecrown Citadel Raid)",0,0,0,0,0,0,0,0,0,0,0,0,0,0,0,16712190,0,,0,0,0,0,0,0,0,0,0,0,0,0,0,0,0,16712188,,0,0,0,0,0,0,0,0,0,0,0,0,0,0,0,16712188,0,1.000000,0,0.000000,0.000000,-1,2,0,0
723,"Stormwind",0,29,0,"Stormwind",0,0,0,0,0,0,0,0,0,0,0,0,0,0,0,16712190,0,,0,0,0,0,0,0,0,0,0,0,0,0,0,0,0,16712188,,0,0,0,0,0,0,0,0,0,0,0,0,0,0,0,16712188,0,1.000000,0,0.000000,0.000000,-1,0,0,0
724,"ChamberofAspectsRed",2,285,0,"The Ruby Sanctum",0,0,0,0,0,0,0,0,0,0,0,0,0,0,0,16712190,0,,0,0,0,0,0,0,0,0,0,0,0,0,0,0,0,16712188,,0,0,0,0,0,0,0,0,0,0,0,0,0,0,0,16712188,254,1.000000,0,0.000000,0.000000,-1,2,0,0
725,,0,0,0,,0,0,0,0,0,0,0,0,0,0,0,0,0,0,0,16712190,0,,0,0,0,0,0,0,0,0,0,0,0,0,0,0,0,16712190,,0,0,0,0,0,0,0,0,0,0,0,0,0,0,0,16712190,4,1.000000,-1,0.000000,0.000000,-1,0,0,0
726,"Eradan",0,0,0,"Eradan",0,0,0,0,0,0,0,0,0,0,0,0,0,0,0,16712190,0,,0,0,0,0,0,0,0,0,0,0,0,0,0,0,0,16712190,,0,0,0,0,0,0,0,0,0,0,0,0,0,0,0,16712190,4,1.000000,-1,0.000000,0.000000,-1,0,0,0
