int,int,int,int,string,string,int,int,int,int,int,int,int,int,int,int,int,int,int,int,int,int,string,int,int,int,int,int,int,int,int,int,int,int,int,int,int,int,int,int,int,string,string,int,int,int,int,int,int,int,int,int,int,int,int,int,int,int,int,string,int,int,int
220,0,0,64,"Interface\WorldStateFrame\DreadLordIcon","The enemy controls the Undercity!",0,0,0,0,0,0,0,0,0,0,0,0,0,0,0,16712190,"Varimathras and Grand Apothecary Putress have taken over the Undercity!",0,0,0,0,0,0,0,0,0,0,0,0,0,0,0,16712190,3878,0,,,0,0,0,0,0,0,0,0,0,0,0,0,0,0,0,16712188,,0,0,0
233,0,0,128,"Interface\WorldStateFrame\SkullBones","The enemy controls the Undercity!",0,0,0,0,0,0,0,0,0,0,0,0,0,0,0,16712190,"Grand Apothecary Putress and Varimathras have taken over the Undercity!",0,0,0,0,0,0,0,0,0,0,0,0,0,0,0,16712190,3963,0,,,0,0,0,0,0,0,0,0,0,0,0,0,0,0,0,16712188,,0,0,0
260,0,0,256,"Interface\TargetingFrame\UI-PVP-Alliance","Operation Gnomeregan is in progress.",0,0,0,0,0,0,0,0,0,0,0,0,0,0,0,16712190,"Operation Gnomeregan is in progress.",0,0,0,0,0,0,0,0,0,0,0,0,0,0,0,16712190,4981,0,,,0,0,0,0,0,0,0,0,0,0,0,0,0,0,0,16712188,,0,0,0
264,0,0,256,"Interface\TargetingFrame\UI-PVP-Alliance","The Gnomes control the airfield!",0,0,0,0,0,0,0,0,0,0,0,0,0,0,0,16712190,"The Gnomes control the airfield!",0,0,0,0,0,0,0,0,0,0,0,0,0,0,0,16712190,5044,0,,,0,0,0,0,0,0,0,0,0,0,0,0,0,0,0,16712188,,0,0,0
266,0,0,256,"Interface\TargetingFrame\UI-PVP-Alliance","The Gnomes control the airfield and command post.",0,0,0,0,0,0,0,0,0,0,0,0,0,0,0,16712190,"The Gnomes have secured the airfield and the surface command post.",0,0,0,0,0,0,0,0,0,0,0,0,0,0,0,16712190,5043,0,,,0,0,0,0,0,0,0,0,0,0,0,0,0,0,0,16712188,,0,0,0
268,0,0,256,"Interface\TargetingFrame\UI-PVP-Alliance","The Gnomes control the surface of Gnomeregan.",0,0,0,0,0,0,0,0,0,0,0,0,0,0,0,16712190,"The entrance to Gnomeregan, command post and airfield are secure.",0,0,0,0,0,0,0,0,0,0,0,0,0,0,0,16712190,5045,0,,,0,0,0,0,0,0,0,0,0,0,0,0,0,0,0,16712188,,0,0,0
270,0,0,256,"Interface\TargetingFrame\UI-PVP-Alliance","The tunnels of Gnomeregan are secured.",0,0,0,0,0,0,0,0,0,0,0,0,0,0,0,16712190,"The tunnels of Gnomeregan are secured.",0,0,0,0,0,0,0,0,0,0,0,0,0,0,0,16712190,5011,0,,,0,0,0,0,0,0,0,0,0,0,0,0,0,0,0,16712188,,0,0,0
262,0,0,256,"Interface\WorldStateFrame\CombatSwords","Assist the Gnomeregan forces at the engineering facilities.",0,0,0,0,0,0,0,0,0,0,0,0,0,0,0,16712190,"Assist the Gnomeregan forces at the engineering facilities.",0,0,0,0,0,0,0,0,0,0,0,0,0,0,0,16712190,5018,0,,,0,0,0,0,0,0,0,0,0,0,0,0,0,0,0,16712188,,0,0,0
263,0,0,256,"Interface\WorldStateFrame\CombatSwords","The airfield is under attack.",0,0,0,0,0,0,0,0,0,0,0,0,0,0,0,16712190,"Assist the Gnomeregan forces at the Airfield!",0,0,0,0,0,0,0,0,0,0,0,0,0,0,0,16712190,5039,0,,,0,0,0,0,0,0,0,0,0,0,0,0,0,0,0,16712188,,0,0,0
267,0,0,256,"Interface\WorldStateFrame\CombatSwords","The forces are battling over the entrance to Gnomeregan.",0,0,0,0,0,0,0,0,0,0,0,0,0,0,0,16712190,"Assist the Gnomeregan forces at the entrance to Gnomeregan.",0,0,0,0,0,0,0,0,0,0,0,0,0,0,0,16712190,5019,0,"Interface\WorldStateFrame\CombatSwords",,0,0,0,0,0,0,0,0,0,0,0,0,0,0,0,16712188,,0,0,0
269,0,0,256,"Interface\WorldStateFrame\CombatSwords","The forces are battling in the tunnels of Gnomeregan.",0,0,0,0,0,0,0,0,0,0,0,0,0,0,0,16712190,"Assist the attack force in the tunnels of Gnomeregan.",0,0,0,0,0,0,0,0,0,0,0,0,0,0,0,16712190,5021,0,"Interface\WorldStateFrame\CombatSwords",,0,0,0,0,0,0,0,0,0,0,0,0,0,0,0,16712188,,0,0,0
261,0,0,256,,"Rocket Launchers Destroyed = %5027w/4",0,0,0,0,0,0,0,0,0,0,0,0,0,0,0,16712190,,0,0,0,0,0,0,0,0,0,0,0,0,0,0,0,16712188,5040,0,,,0,0,0,0,0,0,0,0,0,0,0,0,0,0,0,16712188,,0,0,0
265,0,0,256,,"Tankbusters Destroyed = %5006w/6",0,0,0,0,0,0,0,0,0,0,0,0,0,0,0,16712190,"Assist the Gnomeregan forces at the engineering facilities.",0,0,0,0,0,0,0,0,0,0,0,0,0,0,0,16712190,5018,0,,,0,0,0,0,0,0,0,0,0,0,0,0,0,0,0,16712188,,0,0,0
217,0,0,64,,"The battle for Undercity has begun!",0,0,0,0,0,0,0,0,0,0,0,0,0,0,0,16712190,"The battle for Undercity has begun!",0,0,0,0,0,0,0,0,0,0,0,0,0,0,0,16712190,3875,1,,,0,0,0,0,0,0,0,0,0,0,0,0,0,0,0,16712188,,0,0,0
218,0,0,64,,"%3877w minutes until the battle for the Undercity begins!",0,0,0,0,0,0,0,0,0,0,0,0,0,0,0,16712190,"Time remaining until the battle for the Undercity begins!",0,0,0,0,0,0,0,0,0,0,0,0,0,0,0,16712190,3876,1,,,0,0,0,0,0,0,0,0,0,0,0,0,0,0,0,16712188,,0,0,0
221,0,0,64,"Interface\WorldStateFrame\CombatSwords","The Horde is battling over the courtyard!",0,0,0,0,0,0,0,0,0,0,0,0,0,0,0,16712190,"Assist the Horde forces in the Undercity courtyard!",0,0,0,0,0,0,0,0,0,0,0,0,0,0,0,16712190,3885,1,"Interface\WorldStateFrame\CombatSwords",,0,0,0,0,0,0,0,0,0,0,0,0,0,0,0,16712188,,0,0,0
222,0,0,64,"Interface\TargetingFrame\UI-PVP-Horde","The Horde controls the courtyard!",0,0,0,0,0,0,0,0,0,0,0,0,0,0,0,16712190,"The area is now secured.",0,0,0,0,0,0,0,0,0,0,0,0,0,0,0,16712190,3886,1,,,0,0,0,0,0,0,0,0,0,0,0,0,0,0,0,16712188,,0,0,0
223,0,0,64,"Interface\WorldStateFrame\CombatSwords","The Horde is battling over the inner sanctum!",0,0,0,0,0,0,0,0,0,0,0,0,0,0,0,16712190,"Assist the Horde forces in the Trade Quarter and Canals!",0,0,0,0,0,0,0,0,0,0,0,0,0,0,0,16712190,3887,1,"Interface\WorldStateFrame\CombatSwords",,0,0,0,0,0,0,0,0,0,0,0,0,0,0,0,16712188,,0,0,0
224,0,0,64,"Interface\TargetingFrame\UI-PVP-Horde","The Horde controls the inner sanctum!",0,0,0,0,0,0,0,0,0,0,0,0,0,0,0,16712190,"The area is now secured.",0,0,0,0,0,0,0,0,0,0,0,0,0,0,0,16712190,3888,1,,,0,0,0,0,0,0,0,0,0,0,0,0,0,0,0,16712188,,0,0,0
225,0,0,64,"Interface\WorldStateFrame\CombatSwords","The Horde is battling over the Apothecarium!",0,0,0,0,0,0,0,0,0,0,0,0,0,0,0,16712190,"Assist the Horde forces in the Apothecarium!",0,0,0,0,0,0,0,0,0,0,0,0,0,0,0,16712190,3891,1,"Interface\WorldStateFrame\CombatSwords",,0,0,0,0,0,0,0,0,0,0,0,0,0,0,0,16712188,,0,0,0
226,0,0,64,"Interface\TargetingFrame\UI-PVP-Horde","The Horde controls the Apothecarium!",0,0,0,0,0,0,0,0,0,0,0,0,0,0,0,16712190,"The area is now secured.",0,0,0,0,0,0,0,0,0,0,0,0,0,0,0,16712190,3892,1,,,0,0,0,0,0,0,0,0,0,0,0,0,0,0,0,16712188,,0,0,0
227,0,0,64,"Interface\WorldStateFrame\CombatSwords","The Horde is battling over the Royal Quarter!",0,0,0,0,0,0,0,0,0,0,0,0,0,0,0,16712190,"Assist the Horde forces in the Royal Quarter!",0,0,0,0,0,0,0,0,0,0,0,0,0,0,0,16712190,3889,1,"Interface\WorldStateFrame\CombatSwords",,0,0,0,0,0,0,0,0,0,0,0,0,0,0,0,16712188,,0,0,0
228,0,0,64,"Interface\TargetingFrame\UI-PVP-Horde","The Horde controls the Royal Quarter! Varimathras is defeated!",0,0,0,0,0,0,0,0,0,0,0,0,0,0,0,16712190,"The Horde has regained control of the Undercity!",0,0,0,0,0,0,0,0,0,0,0,0,0,0,0,16712190,3890,1,,,0,0,0,0,0,0,0,0,0,0,0,0,0,0,0,16712188,,0,0,0
229,0,0,64,,"%3893w minute(s) remaining until this event resets.",0,0,0,0,0,0,0,0,0,0,0,0,0,0,0,16712190,,0,0,0,0,0,0,0,0,0,0,0,0,0,0,0,16712188,3894,1,,,0,0,0,0,0,0,0,0,0,0,0,0,0,0,0,16712188,,0,0,0
234,0,0,128,"Interface\WorldStateFrame\CombatSwords","The Alliance is battling through the Sewers!",0,0,0,0,0,0,0,0,0,0,0,0,0,0,0,16712190,"Assist the Alliance forces in the Undercity Sewers!",0,0,0,0,0,0,0,0,0,0,0,0,0,0,0,16712190,3962,1,"Interface\WorldStateFrame\CombatSwords",,0,0,0,0,0,0,0,0,0,0,0,0,0,0,0,16712188,,0,0,0
235,0,0,128,"Interface\TargetingFrame\UI-PVP-Alliance","The Alliance has secured the Sewers!",0,0,0,0,0,0,0,0,0,0,0,0,0,0,0,16712190,"The area is now secured.",0,0,0,0,0,0,0,0,0,0,0,0,0,0,0,16712190,3964,1,,,0,0,0,0,0,0,0,0,0,0,0,0,0,0,0,16712188,,0,0,0
236,0,0,128,,"%3957w minutes until the manhunt begins!",0,0,0,0,0,0,0,0,0,0,0,0,0,0,0,16712190,"Time remaining until the manhunt for Grand Apothecary Putress begins!",0,0,0,0,0,0,0,0,0,0,0,0,0,0,0,16712190,3958,1,,,0,0,0,0,0,0,0,0,0,0,0,0,0,0,0,16712188,,0,0,0
237,0,0,128,,"The manhunt has begun!",0,0,0,0,0,0,0,0,0,0,0,0,0,0,0,16712190,"The manhunt has begun!",0,0,0,0,0,0,0,0,0,0,0,0,0,0,0,16712190,3966,1,,,0,0,0,0,0,0,0,0,0,0,0,0,0,0,0,16712188,,0,0,0
238,0,0,128,"Interface\WorldStateFrame\CombatSwords","The Alliance is battling through the Apothecarium!",0,0,0,0,0,0,0,0,0,0,0,0,0,0,0,16712190,"Assist the Alliance forces in the Apothecarium!",0,0,0,0,0,0,0,0,0,0,0,0,0,0,0,16712190,3972,1,"Interface\WorldStateFrame\CombatSwords",,0,0,0,0,0,0,0,0,0,0,0,0,0,0,0,16712188,,0,0,0
239,0,0,128,"Interface\TargetingFrame\UI-PVP-Alliance","The Alliance has secured the Apothecarium!",0,0,0,0,0,0,0,0,0,0,0,0,0,0,0,16712190,"The area is now secured. Putress has been defeated!",0,0,0,0,0,0,0,0,0,0,0,0,0,0,0,16712190,3971,1,,,0,0,0,0,0,0,0,0,0,0,0,0,0,0,0,16712188,,0,0,0
271,0,0,256,"Interface\TargetingFrame\UI-PVP-Alliance","%5037w minutes until Operation: Gnomeregan begins!",0,0,0,0,0,0,0,0,0,0,0,0,0,0,0,16712190,"Operation: Gnomeregan will commence at this time",0,0,0,0,0,0,0,0,0,0,0,0,0,0,0,16712190,5038,1,,,0,0,0,0,0,0,0,0,0,0,0,0,0,0,0,16712188,,0,0,0
136,0,139,0,"Interface\WorldStateFrame\AllianceTower","Controlled: %2327w",0,0,0,0,0,0,0,0,0,0,0,0,0,0,0,16712190,"Alliance Towers Controlled",0,0,0,0,0,0,0,0,0,0,0,0,0,0,0,16712190,0,1,,,0,0,0,0,0,0,0,0,0,0,0,0,0,0,0,16712188,,0,0,0
137,0,139,0,"Interface\WorldStateFrame\HordeTower","Controlled: %2328w",0,0,0,0,0,0,0,0,0,0,0,0,0,0,0,16712190,"Horde Towers Controlled",0,0,0,0,0,0,0,0,0,0,0,0,0,0,0,16712190,0,1,,,0,0,0,0,0,0,0,0,0,0,0,0,0,0,0,16712188,,0,0,0
138,0,139,0,,"Progress: %2427w",0,0,0,0,0,0,0,0,0,0,0,0,0,0,0,16712190,,0,0,0,0,0,0,0,0,0,0,0,0,0,0,0,16712188,2426,1,,,0,0,0,0,0,0,0,0,0,0,0,0,0,0,0,16712188,"CAPTUREPOINT",2427,2428,0
274,1,0,256,"Interface\TargetingFrame\UI-PVP-Horde","The Darkspear are prepared to take back the Echo Isles.",0,0,0,0,0,0,0,0,0,0,0,0,0,0,0,16712190,"The Darkspear are prepared to take back the Echo Isles.",0,0,0,0,0,0,0,0,0,0,0,0,0,0,0,16712190,5052,0,,,0,0,0,0,0,0,0,0,0,0,0,0,0,0,0,16712188,,0,0,0
277,1,0,256,"Interface\TargetingFrame\UI-PVP-Horde","The trolls have Bwonsamdi on their side!",0,0,0,0,0,0,0,0,0,0,0,0,0,0,0,16712190,"The trolls have Bwonsamdi on their side!",0,0,0,0,0,0,0,0,0,0,0,0,0,0,0,16712190,5100,0,,,0,0,0,0,0,0,0,0,0,0,0,0,0,0,0,16712188,,0,0,0
279,1,0,256,"Interface\TargetingFrame\UI-PVP-Horde","The burnt village has been reclaimed!",0,0,0,0,0,0,0,0,0,0,0,0,0,0,0,16712190,"The Trolls have eliminated the mindless forces in the burnt village.",0,0,0,0,0,0,0,0,0,0,0,0,0,0,0,16712190,5101,0,,,0,0,0,0,0,0,0,0,0,0,0,0,0,0,0,16712188,,0,0,0
281,1,0,256,"Interface\TargetingFrame\UI-PVP-Horde","Zalazane has fled to another island!",0,0,0,0,0,0,0,0,0,0,0,0,0,0,0,16712190,"The troll forces have forced Zalazane to flee to another island.",0,0,0,0,0,0,0,0,0,0,0,0,0,0,0,16712190,5102,0,,,0,0,0,0,0,0,0,0,0,0,0,0,0,0,0,16712188,,0,0,0
283,1,0,256,"Interface\TargetingFrame\UI-PVP-Horde","Zalazane has been defeated!",0,0,0,0,0,0,0,0,0,0,0,0,0,0,0,16712190,"Zalazane has been defeated!",0,0,0,0,0,0,0,0,0,0,0,0,0,0,0,16712190,5061,0,,,0,0,0,0,0,0,0,0,0,0,0,0,0,0,0,16712188,,0,0,0
276,1,0,256,"Interface\WorldStateFrame\CombatSwords","Requesting the aid of Bwonsamdi",0,0,0,0,0,0,0,0,0,0,0,0,0,0,0,16712190,"Assist the trolls convince Bwonsamdi to help them",0,0,0,0,0,0,0,0,0,0,0,0,0,0,0,16712190,5099,0,,,0,0,0,0,0,0,0,0,0,0,0,0,0,0,0,16712188,,0,0,0
278,1,0,256,"Interface\WorldStateFrame\CombatSwords","Assist the trolls in taking back the burnt village.",0,0,0,0,0,0,0,0,0,0,0,0,0,0,0,16712190,"Assist the trolls in taking back the burnt village.",0,0,0,0,0,0,0,0,0,0,0,0,0,0,0,16712190,5056,0,,,0,0,0,0,0,0,0,0,0,0,0,0,0,0,0,16712188,,0,0,0
280,1,0,256,"Interface\WorldStateFrame\CombatSwords","Vol'jin and his forces are fighting Zalazane.",0,0,0,0,0,0,0,0,0,0,0,0,0,0,0,16712190,"Vol'jin and his forces are fighting Zalazane and his hexed troll followers.",0,0,0,0,0,0,0,0,0,0,0,0,0,0,0,16712190,5090,0,"Interface\WorldStateFrame\CombatSwords",,0,0,0,0,0,0,0,0,0,0,0,0,0,0,0,16712188,,0,0,0
282,1,0,256,"Interface\WorldStateFrame\CombatSwords","The forces are battling Zalazane",0,0,0,0,0,0,0,0,0,0,0,0,0,0,0,16712190,"The forces are battling Zalazane",0,0,0,0,0,0,0,0,0,0,0,0,0,0,0,16712190,5060,0,"Interface\WorldStateFrame\CombatSwords",,0,0,0,0,0,0,0,0,0,0,0,0,0,0,0,16712188,,0,0,0
275,1,0,256,"Interface\TargetingFrame\UI-PVP-Horde","%5071w minutes until Echo Isles takeback begins!",0,0,0,0,0,0,0,0,0,0,0,0,0,0,0,16712190,"Echo Isles Takeback will commence at this time",0,0,0,0,0,0,0,0,0,0,0,0,0,0,0,16712190,5070,1,,,0,0,0,0,0,0,0,0,0,0,0,0,0,0,0,16712188,,0,0,0
178,1,513,0,,"%3082w / 12 Marksmen Remaining",0,0,0,0,0,0,0,0,0,0,0,0,0,0,0,16712190,"Number of Theramore defenders still alive.",0,0,0,0,0,0,0,0,0,0,0,0,0,0,0,16712190,3083,0,,,0,0,0,0,0,0,0,0,0,0,0,0,0,0,0,16712188,,0,0,0
126,1,1377,0,"Interface\TargetingFrame\UI-PVP-Alliance","%2313w/%2317w",0,0,0,0,0,0,0,0,0,0,0,0,0,0,0,16712190,"Alliance Silithyst Collected",0,0,0,0,0,0,0,0,0,0,0,0,0,0,0,16712190,0,0,,,0,0,0,0,0,0,0,0,0,0,0,0,0,0,0,16712188,,0,0,0
127,1,1377,0,"Interface\TargetingFrame\UI-PVP-Horde","%2314w/%2317w",0,0,0,0,0,0,0,0,0,0,0,0,0,0,0,16712190,"Horde Silithyst Collected",0,0,0,0,0,0,0,0,0,0,0,0,0,0,0,16712190,0,0,,,0,0,0,0,0,0,0,0,0,0,0,0,0,0,0,16712188,,0,0,0
180,30,0,0,"Interface\TargetingFrame\UI-PVP-Alliance","Reinforcements: %3127w",0,0,0,0,0,0,0,0,0,0,0,0,0,0,0,16712190,"Alliance Reinforcements",0,0,0,0,0,0,0,0,0,0,0,0,0,0,0,16712190,3134,0,,,0,0,0,0,0,0,0,0,0,0,0,0,0,0,0,16712188,,0,0,0
181,30,0,0,"Interface\TargetingFrame\UI-PVP-Horde","Reinforcements: %3128w",0,0,0,0,0,0,0,0,0,0,0,0,0,0,0,16712190,"Horde Reinforcements",0,0,0,0,0,0,0,0,0,0,0,0,0,0,0,16712190,3133,0,,,0,0,0,0,0,0,0,0,0,0,0,0,0,0,0,16712188,,0,0,0
63,30,0,0,"Interface\WorldStateFrame\ColumnIcon-GraveyardCapture","Graveyards Assaulted",0,0,0,0,0,0,0,0,0,0,0,0,0,0,0,16712190,"Number of times enemy graveyard banners have been removed",0,0,0,0,0,0,0,0,0,0,0,0,0,0,0,16712190,0,2,,,0,0,0,0,0,0,0,0,0,0,0,0,0,0,0,16712188,,0,0,0
65,30,0,0,"Interface\WorldStateFrame\ColumnIcon-GraveyardDefend","Graveyards Defended",0,0,0,0,0,0,0,0,0,0,0,0,0,0,0,16712190,"Number of times a graveyard capture has been prevented",0,0,0,0,0,0,0,0,0,0,0,0,0,0,0,16712190,0,2,,,0,0,0,0,0,0,0,0,0,0,0,0,0,0,0,16712188,,0,0,0
61,30,0,0,"Interface\WorldStateFrame\ColumnIcon-TowerCapture","Towers Assaulted",0,0,0,0,0,0,0,0,0,0,0,0,0,0,0,16712190,"Number of times enemy tower banners have been removed",0,0,0,0,0,0,0,0,0,0,0,0,0,0,0,16712190,0,2,,,0,0,0,0,0,0,0,0,0,0,0,0,0,0,0,16712188,,0,0,0
64,30,0,0,"Interface\WorldStateFrame\ColumnIcon-TowerDefend","Towers Defended",0,0,0,0,0,0,0,0,0,0,0,0,0,0,0,16712190,"Number of times a tower capture has been prevented",0,0,0,0,0,0,0,0,0,0,0,0,0,0,0,16712190,0,2,,,0,0,0,0,0,0,0,0,0,0,0,0,0,0,0,16712188,,0,0,0
82,30,0,0,,"Secondary Objectives",0,0,0,0,0,0,0,0,0,0,0,0,0,0,0,16712190,"Number of secondary units activated",0,0,0,0,0,0,0,0,0,0,0,0,0,0,0,16712190,0,2,,,0,0,0,0,0,0,0,0,0,0,0,0,0,0,0,16712188,,0,0,0
150,269,2366,0,,"Medivh's Shield Remaining: %2540w%",0,0,0,0,0,0,0,0,0,0,0,0,0,0,0,16712190,,0,0,0,0,0,0,0,0,0,0,0,0,0,0,0,16712188,2541,0,,,0,0,0,0,0,0,0,0,0,0,0,0,0,0,0,16712188,,0,0,0
171,269,2366,0,,"Time Rifts Opened: %2784w/18",0,0,0,0,0,0,0,0,0,0,0,0,0,0,0,16712190,,0,0,0,0,0,0,0,0,0,0,0,0,0,0,0,16712188,2541,0,,,0,0,0,0,0,0,0,0,0,0,0,0,0,0,0,16712188,,0,0,0
42,489,0,0,"Interface\WorldStateFrame\ColumnIcon-FlagCapture","Flag Captures",0,0,0,0,0,0,0,0,0,0,0,0,0,0,0,16712190,"Number of times you have captured the enemy flag",0,0,0,0,0,0,0,0,0,0,0,0,0,0,0,16712190,0,2,,,0,0,0,0,0,0,0,0,0,0,0,0,0,0,0,16712188,,0,0,0
44,489,0,0,"Interface\WorldStateFrame\ColumnIcon-FlagReturn","Flag Returns",0,0,0,0,0,0,0,0,0,0,0,0,0,0,0,16712190,"Number of times you have returned your flag to your base from the field",0,0,0,0,0,0,0,0,0,0,0,0,0,0,0,16712190,0,2,,,0,0,0,0,0,0,0,0,0,0,0,0,0,0,0,16712188,,0,0,0
244,489,3277,0,,"Time Remaining: %4248w min.",0,0,0,0,0,0,0,0,0,0,0,0,0,0,0,16712190,"Time Remaining",0,0,0,0,0,0,0,0,0,0,0,0,0,0,0,16712190,4247,0,,,0,0,0,0,0,0,0,0,0,0,0,0,0,0,0,16712188,,0,0,0
2,489,3277,0,"Interface\TargetingFrame\UI-PVP-Alliance","%1581w/%1601w",0,0,0,0,0,0,0,0,0,0,0,0,0,0,0,16712190,"Alliance flag captures",0,0,0,0,0,0,0,0,0,0,0,0,0,0,0,16712190,2339,0,"Interface\WorldStateFrame\HordeFlag","Horde flag has been picked up",0,0,0,0,0,0,0,0,0,0,0,0,0,0,0,16712190,,0,0,0
3,489,3277,0,"Interface\TargetingFrame\UI-PVP-Horde","%1582w/%1601w",0,0,0,0,0,0,0,0,0,0,0,0,0,0,0,16712190,"Horde flag captures",0,0,0,0,0,0,0,0,0,0,0,0,0,0,0,16712190,2338,0,"Interface\WorldStateFrame\AllianceFlag","Alliance flag has been picked up",0,0,0,0,0,0,0,0,0,0,0,0,0,0,0,16712190,,0,0,0
101,529,0,0,"Interface\TargetingFrame\UI-PVP-Alliance","Bases: %1779w  Resources: %1776w/%1780w",0,0,0,0,0,0,0,0,0,0,0,0,0,0,0,16712190,"Alliance status",0,0,0,0,0,0,0,0,0,0,0,0,0,0,0,16712190,0,0,,,0,0,0,0,0,0,0,0,0,0,0,0,0,0,0,16712188,,0,0,0
102,529,0,0,"Interface\TargetingFrame\UI-PVP-Horde","Bases: %1778w  Resources: %1777w/%1780w",0,0,0,0,0,0,0,0,0,0,0,0,0,0,0,16712190,"Horde status",0,0,0,0,0,0,0,0,0,0,0,0,0,0,0,16712190,0,0,,,0,0,0,0,0,0,0,0,0,0,0,0,0,0,0,16712188,,0,0,0
122,529,0,0,"Interface\WorldStateFrame\ColumnIcon-TowerCapture","Bases Assaulted",0,0,0,0,0,0,0,0,0,0,0,0,0,0,0,16712190,"Number of times enemy base banners have been removed",0,0,0,0,0,0,0,0,0,0,0,0,0,0,0,16712190,0,2,,,0,0,0,0,0,0,0,0,0,0,0,0,0,0,0,16712188,,0,0,0
123,529,0,0,"Interface\WorldStateFrame\ColumnIcon-TowerDefend","Bases Defended",0,0,0,0,0,0,0,0,0,0,0,0,0,0,0,16712190,"Number of times a base capture has been prevented",0,0,0,0,0,0,0,0,0,0,0,0,0,0,0,16712190,0,2,,,0,0,0,0,0,0,0,0,0,0,0,0,0,0,0,16712188,,0,0,0
139,530,3483,0,,"Progress: %2427w",0,0,0,0,0,0,0,0,0,0,0,0,0,0,0,16712190,,0,0,0,0,0,0,0,0,0,0,0,0,0,0,0,16712188,2473,1,,,0,0,0,0,0,0,0,0,0,0,0,0,0,0,0,16712188,"CAPTUREPOINT",2474,2475,0
140,530,3483,0,"Interface\WorldStateFrame\AllianceTower","Controlled: %2476w",0,0,0,0,0,0,0,0,0,0,0,0,0,0,0,16712190,"Alliance Forts Controlled",0,0,0,0,0,0,0,0,0,0,0,0,0,0,0,16712190,2490,1,,"Last Winner: Alliance",0,0,0,0,0,0,0,0,0,0,0,0,0,0,0,16712190,,0,0,0
141,530,3483,0,"Interface\WorldStateFrame\HordeTower","Controlled: %2478w",0,0,0,0,0,0,0,0,0,0,0,0,0,0,0,16712190,"Horde Forts Controlled",0,0,0,0,0,0,0,0,0,0,0,0,0,0,0,16712190,2489,1,,"Last Winner: Horde",0,0,0,0,0,0,0,0,0,0,0,0,0,0,0,16712190,,0,0,0
144,530,3518,0,"Interface\TargetingFrame\UI-PVP-Horde","Guards Remaining: %2491w/%2493w",0,0,0,0,0,0,0,0,0,0,0,0,0,0,0,16712190,,0,0,0,0,0,0,0,0,0,0,0,0,0,0,0,16712188,2503,1,,,0,0,0,0,0,0,0,0,0,0,0,0,0,0,0,16712188,,0,0,0
145,530,3518,0,,"Progress: %2494w",0,0,0,0,0,0,0,0,0,0,0,0,0,0,0,16712190,,0,0,0,0,0,0,0,0,0,0,0,0,0,0,0,16712188,2495,1,,,0,0,0,0,0,0,0,0,0,0,0,0,0,0,0,16712188,"CAPTUREPOINT",2494,2497,0
146,530,3518,0,"Interface\TargetingFrame\UI-PVP-Alliance","Guards Remaining: %2491w/%2493w",0,0,0,0,0,0,0,0,0,0,0,0,0,0,0,16712190,,0,0,0,0,0,0,0,0,0,0,0,0,0,0,0,16712188,2502,1,,,0,0,0,0,0,0,0,0,0,0,0,0,0,0,0,16712188,,0,0,0
163,530,3519,0,,,0,0,0,0,0,0,0,0,0,0,0,0,0,0,0,16712188,,0,0,0,0,0,0,0,0,0,0,0,0,0,0,0,16712188,2623,0,,,0,0,0,0,0,0,0,0,0,0,0,0,0,0,0,16712188,"CAPTUREPOINT",2625,2624,0
147,530,3519,0,"Interface\WorldStateFrame\NeutralTower","Time Remaining - %2509w:%2512w%2510w",0,0,0,0,0,0,0,0,0,0,0,0,0,0,0,16712190,"Time remaining until the Spirit Towers become capturable.",0,0,0,0,0,0,0,0,0,0,0,0,0,0,0,16712190,2508,1,,,0,0,0,0,0,0,0,0,0,0,0,0,0,0,0,16712188,,0,0,0
161,530,3519,0,"Interface\WorldStateFrame\AllianceTower","Towers Controlled: %2621w",0,0,0,0,0,0,0,0,0,0,0,0,0,0,0,16712190,"Alliance Towers Controlled",0,0,0,0,0,0,0,0,0,0,0,0,0,0,0,16712190,2620,1,,,0,0,0,0,0,0,0,0,0,0,0,0,0,0,0,16712188,,0,0,0
162,530,3519,0,"Interface\WorldStateFrame\HordeTower","Towers Controlled: %2622w",0,0,0,0,0,0,0,0,0,0,0,0,0,0,0,16712190,"Horde Towers Controlled",0,0,0,0,0,0,0,0,0,0,0,0,0,0,0,16712190,2620,1,,,0,0,0,0,0,0,0,0,0,0,0,0,0,0,0,16712188,,0,0,0
168,530,3519,0,"Interface\WorldStateFrame\AllianceTower","Time Remaining - %2509w:%2512w%2510w",0,0,0,0,0,0,0,0,0,0,0,0,0,0,0,16712190,"Time remaining until the Spirit Towers become capturable.",0,0,0,0,0,0,0,0,0,0,0,0,0,0,0,16712190,2767,1,,,0,0,0,0,0,0,0,0,0,0,0,0,0,0,0,16712188,,0,0,0
169,530,3519,0,"Interface\WorldStateFrame\HordeTower","Time Remaining - %2509w:%2512w%2510w",0,0,0,0,0,0,0,0,0,0,0,0,0,0,0,16712190,"Time remaining until the Spirit Towers become capturable.",0,0,0,0,0,0,0,0,0,0,0,0,0,0,0,16712190,2768,1,,,0,0,0,0,0,0,0,0,0,0,0,0,0,0,0,16712188,,0,0,0
148,530,3521,0,,,0,0,0,0,0,0,0,0,0,0,0,0,0,0,0,16712188,,0,0,0,0,0,0,0,0,0,0,0,0,0,0,0,16712188,2527,1,,,0,0,0,0,0,0,0,0,0,0,0,0,0,0,0,16712188,"CAPTUREPOINT",2528,2529,0
149,530,3521,0,,,0,0,0,0,0,0,0,0,0,0,0,0,0,0,0,16712188,,0,0,0,0,0,0,0,0,0,0,0,0,0,0,0,16712188,2533,1,,,0,0,0,0,0,0,0,0,0,0,0,0,0,0,0,16712188,"CAPTUREPOINT",2534,2535,0
153,530,3521,0,"Interface\WorldStateFrame\AllianceTower","West Beacon",0,0,0,0,0,0,0,0,0,0,0,0,0,0,0,16712190,"Alliance Controlled Beacon",0,0,0,0,0,0,0,0,0,0,0,0,0,0,0,16712190,2555,1,,,0,0,0,0,0,0,0,0,0,0,0,0,0,0,0,16712188,,0,0,0
154,530,3521,0,"Interface\WorldStateFrame\HordeTower","West Beacon",0,0,0,0,0,0,0,0,0,0,0,0,0,0,0,16712190,"Horde Controlled Beacon",0,0,0,0,0,0,0,0,0,0,0,0,0,0,0,16712190,2556,1,,,0,0,0,0,0,0,0,0,0,0,0,0,0,0,0,16712188,,0,0,0
155,530,3521,0,"Interface\WorldStateFrame\NeutralTower","West Beacon",0,0,0,0,0,0,0,0,0,0,0,0,0,0,0,16712190,"Neutral Controlled Beacon",0,0,0,0,0,0,0,0,0,0,0,0,0,0,0,16712190,2557,1,,,0,0,0,0,0,0,0,0,0,0,0,0,0,0,0,16712188,,0,0,0
156,530,3521,0,"Interface\WorldStateFrame\AllianceTower","East Beacon",0,0,0,0,0,0,0,0,0,0,0,0,0,0,0,16712190,"Alliance Controlled Beacon",0,0,0,0,0,0,0,0,0,0,0,0,0,0,0,16712190,2558,1,,,0,0,0,0,0,0,0,0,0,0,0,0,0,0,0,16712188,,0,0,0
157,530,3521,0,"Interface\WorldStateFrame\HordeTower","East Beacon",0,0,0,0,0,0,0,0,0,0,0,0,0,0,0,16712190,"Horde Controlled Beacon",0,0,0,0,0,0,0,0,0,0,0,0,0,0,0,16712190,2559,1,,,0,0,0,0,0,0,0,0,0,0,0,0,0,0,0,16712188,,0,0,0
158,530,3521,0,"Interface\WorldStateFrame\NeutralTower","East Beacon",0,0,0,0,0,0,0,0,0,0,0,0,0,0,0,16712190,"Neutral Controlled Beacon",0,0,0,0,0,0,0,0,0,0,0,0,0,0,0,16712190,2560,1,,,0,0,0,0,0,0,0,0,0,0,0,0,0,0,0,16712188,,0,0,0
173,530,3831,0,,"North Warp-Gate: %2880w%",0,0,0,0,0,0,0,0,0,0,0,0,0,0,0,16712190,,0,0,0,0,0,0,0,0,0,0,0,0,0,0,0,16712188,2889,0,,,0,0,0,0,0,0,0,0,0,0,0,0,0,0,0,16712188,,0,0,0
174,530,3831,0,,"South Warp-Gate: %2881w%",0,0,0,0,0,0,0,0,0,0,0,0,0,0,0,16712190,,0,0,0,0,0,0,0,0,0,0,0,0,0,0,0,16712188,2889,0,,,0,0,0,0,0,0,0,0,0,0,0,0,0,0,0,16712188,,0,0,0
177,530,4008,0,,"Shield Remaining: %3054w%",0,0,0,0,0,0,0,0,0,0,0,0,0,0,0,16712190,"Percentage of the shield remaining.",0,0,0,0,0,0,0,0,0,0,0,0,0,0,0,16712190,3055,0,,,0,0,0,0,0,0,0,0,0,0,0,0,0,0,0,16712188,,0,0,0
142,534,3606,0,,"Invading Enemies = %2454w",0,0,0,0,0,0,0,0,0,0,0,0,0,0,0,16712190,"Number of Invading Enemies in the Horde Base",0,0,0,0,0,0,0,0,0,0,0,0,0,0,0,16712190,2453,0,,,0,0,0,0,0,0,0,0,0,0,0,0,0,0,0,16712188,,0,0,0
143,534,3606,0,,"Invading Enemies = %2454w",0,0,0,0,0,0,0,0,0,0,0,0,0,0,0,16712190,"Number of Invading Enemies in the Horde Base",0,0,0,0,0,0,0,0,0,0,0,0,0,0,0,16712190,2486,0,,,0,0,0,0,0,0,0,0,0,0,0,0,0,0,0,16712188,,0,0,0
172,534,3606,0,,"Current Wave = %2842w of 8",0,0,0,0,0,0,0,0,0,0,0,0,0,0,0,16712190,"Current Wave",0,0,0,0,0,0,0,0,0,0,0,0,0,0,0,16712190,2842,0,,,0,0,0,0,0,0,0,0,0,0,0,0,0,0,0,16712188,,0,0,0
159,559,0,0,,"Gold Team: %3601w Players Remaining",0,0,0,0,0,0,0,0,0,0,0,0,0,0,0,16712190,,0,0,0,0,0,0,0,0,0,0,0,0,0,0,0,16712188,2577,0,,,0,0,0,0,0,0,0,0,0,0,0,0,0,0,0,16712188,,0,0,0
160,559,0,0,,"Green Team: %3600w Players Remaining",0,0,0,0,0,0,0,0,0,0,0,0,0,0,0,16712190,,0,0,0,0,0,0,0,0,0,0,0,0,0,0,0,16712188,2577,0,,,0,0,0,0,0,0,0,0,0,0,0,0,0,0,0,16712188,,0,0,0
165,560,2367,0,,"Incendiary Bombs Set = %2436w/5",0,0,0,0,0,0,0,0,0,0,0,0,0,0,0,16712190,"Number of Incendiary Bombs Placed in Durnholde",0,0,0,0,0,0,0,0,0,0,0,0,0,0,0,16712190,2436,0,,,0,0,0,0,0,0,0,0,0,0,0,0,0,0,0,16712188,,0,0,0
151,562,0,0,,"Green Team: %3600w Players Remaining",0,0,0,0,0,0,0,0,0,0,0,0,0,0,0,16712190,,0,0,0,0,0,0,0,0,0,0,0,0,0,0,0,16712188,2547,0,,,0,0,0,0,0,0,0,0,0,0,0,0,0,0,0,16712188,,0,0,0
152,562,0,0,,"Gold Team: %3601w Players Remaining",0,0,0,0,0,0,0,0,0,0,0,0,0,0,0,16712190,,0,0,0,0,0,0,0,0,0,0,0,0,0,0,0,16712188,2547,0,,,0,0,0,0,0,0,0,0,0,0,0,0,0,0,0,16712188,,0,0,0
164,566,0,0,,,0,0,0,0,0,0,0,0,0,0,0,0,0,0,0,16712188,,0,0,0,0,0,0,0,0,0,0,0,0,0,0,0,16712188,2718,0,,,0,0,0,0,0,0,0,0,0,0,0,0,0,0,0,16712188,"CAPTUREPOINT",2719,2720,0
166,566,0,0,"Interface\TargetingFrame\UI-PVP-Alliance","Bases: %2752w  Victory Points: %2749w/1600",0,0,0,0,0,0,0,0,0,0,0,0,0,0,0,16712190,,0,0,0,0,0,0,0,0,0,0,0,0,0,0,0,16712188,2769,0,,,0,0,0,0,0,0,0,0,0,0,0,0,0,0,0,16712188,,0,0,0
167,566,0,0,"Interface\TargetingFrame\UI-PVP-Horde","Bases: %2753w  Victory Points: %2750w/1600",0,0,0,0,0,0,0,0,0,0,0,0,0,0,0,16712190,,0,0,0,0,0,0,0,0,0,0,0,0,0,0,0,16712188,2770,0,,,0,0,0,0,0,0,0,0,0,0,0,0,0,0,0,16712188,,0,0,0
183,566,0,0,"Interface\WorldStateFrame\ColumnIcon-FlagCapture2.blp","Flag Captures",0,0,0,0,0,0,0,0,0,0,0,0,0,0,0,16712190,"Number of times you have captured the flag",0,0,0,0,0,0,0,0,0,0,0,0,0,0,0,16712190,0,2,,,0,0,0,0,0,0,0,0,0,0,0,0,0,0,0,16712188,,0,0,0
179,568,3805,0,,"Time Until Sacrifice: %3106w Min",0,0,0,0,0,0,0,0,0,0,0,0,0,0,0,16712190,"Time remaining until prisoners are killed.",0,0,0,0,0,0,0,0,0,0,0,0,0,0,0,16712190,3104,0,,,0,0,0,0,0,0,0,0,0,0,0,0,0,0,0,16712188,,0,0,0
184,571,0,0,,"Progress: %3467w",0,0,0,0,0,0,0,0,0,0,0,0,0,0,0,16712190,,0,0,0,0,0,0,0,0,0,0,0,0,0,0,0,16712188,3466,1,,,0,0,0,0,0,0,0,0,0,0,0,0,0,0,0,16712188,"CAPTUREPOINT",3467,3468,0
186,571,0,0,,"Progress: %2427w",0,0,0,0,0,0,0,0,0,0,0,0,0,0,0,16712190,,0,0,0,0,0,0,0,0,0,0,0,0,0,0,0,16712188,3501,1,,,0,0,0,0,0,0,0,0,0,0,0,0,0,0,0,16712188,"CAPTUREPOINT",3502,3508,0
215,571,0,0,"Interface\WorldStateFrame\ColumnIcon-FlagCapture","Walls Destroyed",0,0,0,0,0,0,0,0,0,0,0,0,0,0,0,16712190,"Number of times you have destroyed enemy walls.",0,0,0,0,0,0,0,0,0,0,0,0,0,0,0,16712190,0,2,,,0,0,0,0,0,0,0,0,0,0,0,0,0,0,0,16712188,,0,0,0
216,571,0,0,"Interface\WorldStateFrame\ColumnIcon-FlagCapture","Buildings Destroyed",0,0,0,0,0,0,0,0,0,0,0,0,0,0,0,16712190,"Number of times you have destroyed enemy buildings.",0,0,0,0,0,0,0,0,0,0,0,0,0,0,0,16712190,0,2,,,0,0,0,0,0,0,0,0,0,0,0,0,0,0,0,16712188,,0,0,0
188,571,4197,0,"Interface\TargetingFrame\UI-PVP-Horde","Vehicles: %3490w/%3491w",0,0,0,0,0,0,0,0,0,0,0,0,0,0,0,16712190,"Horde status",0,0,0,0,0,0,0,0,0,0,0,0,0,0,0,16712190,3710,0,,,0,0,0,0,0,0,0,0,0,0,0,0,0,0,0,16712188,,0,0,0
189,571,4197,0,"Interface\TargetingFrame\UI-PVP-Alliance","Vehicles: %3680w/%3681w",0,0,0,0,0,0,0,0,0,0,0,0,0,0,0,16712190,"Alliance status",0,0,0,0,0,0,0,0,0,0,0,0,0,0,0,16712190,3710,0,,,0,0,0,0,0,0,0,0,0,0,0,0,0,0,0,16712188,,0,0,0
210,571,4197,0,"Interface\TargetingFrame\UI-PVP-Alliance","Alliance Controlled",0,0,0,0,0,0,0,0,0,0,0,0,0,0,0,16712190,,0,0,0,0,0,0,0,0,0,0,0,0,0,0,0,16712188,3803,0,,,0,0,0,0,0,0,0,0,0,0,0,0,0,0,0,16712188,,0,0,0
211,571,4197,0,"Interface\TargetingFrame\UI-PVP-Horde","Horde Controlled",0,0,0,0,0,0,0,0,0,0,0,0,0,0,0,16712190,,0,0,0,0,0,0,0,0,0,0,0,0,0,0,0,16712188,3802,0,,,0,0,0,0,0,0,0,0,0,0,0,0,0,0,0,16712188,,0,0,0
208,571,4197,0,,"Time Remaining: %3781k",0,0,0,0,0,0,0,0,0,0,0,0,0,0,0,16712190,"Game ends after this duration",0,0,0,0,0,0,0,0,0,0,0,0,0,0,0,16712190,3710,3,,,0,0,0,0,0,0,0,0,0,0,0,0,0,0,0,16712188,,0,0,0
212,571,4197,0,,"Next Battle: %4354k",0,0,0,0,0,0,0,0,0,0,0,0,0,0,0,16712190,"The War for Lake Wintergrasp will resume after this duration.",0,0,0,0,0,0,0,0,0,0,0,0,0,0,0,16712190,3801,3,,,0,0,0,0,0,0,0,0,0,0,0,0,0,0,0,16712188,,0,0,0
175,572,0,0,,"Gold Team: %3601w Players Remaining",0,0,0,0,0,0,0,0,0,0,0,0,0,0,0,16712190,,0,0,0,0,0,0,0,0,0,0,0,0,0,0,0,16712188,3002,0,,,0,0,0,0,0,0,0,0,0,0,0,0,0,0,0,16712188,,0,0,0
176,572,0,0,,"Green Team: %3600w Players Remaining",0,0,0,0,0,0,0,0,0,0,0,0,0,0,0,16712190,,0,0,0,0,0,0,0,0,0,0,0,0,0,0,0,16712188,3002,0,,,0,0,0,0,0,0,0,0,0,0,0,0,0,0,0,16712188,,0,0,0
190,578,0,0,,"Centrifuge Constructs: %3486w Remaining",0,0,0,0,0,0,0,0,0,0,0,0,0,0,0,16712190,,0,0,0,0,0,0,0,0,0,0,0,0,0,0,0,16712188,3524,0,,,0,0,0,0,0,0,0,0,0,0,0,0,0,0,0,16712188,,0,0,0
185,595,0,0,,"Plagued Crates Revealed = %3480w/5",0,0,0,0,0,0,0,0,0,0,0,0,0,0,0,16712190,"Number of plagued grain crates revealed.",0,0,0,0,0,0,0,0,0,0,0,0,0,0,0,16712190,3479,0,,,0,0,0,0,0,0,0,0,0,0,0,0,0,0,0,16712188,,0,0,0
187,595,0,0,,"Scourge Wave = %3504w/10",0,0,0,0,0,0,0,0,0,0,0,0,0,0,0,16712190,"Number of Scourge waves encountered.",0,0,0,0,0,0,0,0,0,0,0,0,0,0,0,16712190,3504,0,,,0,0,0,0,0,0,0,0,0,0,0,0,0,0,0,16712188,,0,0,0
230,595,0,0,,"Time Remaining = %3931w min.",0,0,0,0,0,0,0,0,0,0,0,0,0,0,0,16712190,"Time until Guardian of Time corrupted.",0,0,0,0,0,0,0,0,0,0,0,0,0,0,0,16712190,3932,0,,,0,0,0,0,0,0,0,0,0,0,0,0,0,0,0,16712188,,0,0,0
240,603,4273,0,,"Time until Algalon transmits distress signal= %4131w min.",0,0,0,0,0,0,0,0,0,0,0,0,0,0,0,16712190,"Time until message sent.",0,0,0,0,0,0,0,0,0,0,0,0,0,0,0,16712190,4132,0,,,0,0,0,0,0,0,0,0,0,0,0,0,0,0,0,16712188,,0,0,0
191,607,0,0,,"Progress: %3537w",0,0,0,0,0,0,0,0,0,0,0,0,0,0,0,16712190,,0,0,0,0,0,0,0,0,0,0,0,0,0,0,0,16712188,3536,1,,,0,0,0,0,0,0,0,0,0,0,0,0,0,0,0,16712188,"CAPTUREPOINT",3537,3538,0
232,607,0,0,"Interface\WorldStateFrame\ColumnIcon-FlagCapture","Demolishers Destroyed",0,0,0,0,0,0,0,0,0,0,0,0,0,0,0,16712190,"Number of times you have destroyed a demolisher",0,0,0,0,0,0,0,0,0,0,0,0,0,0,0,16712190,0,2,,,0,0,0,0,0,0,0,0,0,0,0,0,0,0,0,16712188,,0,0,0
231,607,0,0,"Interface\WorldStateFrame\ColumnIcon-FlagCapture","Gates Destroyed",0,0,0,0,0,0,0,0,0,0,0,0,0,0,0,16712190,"Number of times you have destroyed a gate",0,0,0,0,0,0,0,0,0,0,0,0,0,0,0,16712190,0,2,,,0,0,0,0,0,0,0,0,0,0,0,0,0,0,0,16712188,,0,0,0
192,607,4384,0,"Interface\TargetingFrame\UI-PVP-Alliance","Attacker",0,0,0,0,0,0,0,0,0,0,0,0,0,0,0,16712190,"Alliance status",0,0,0,0,0,0,0,0,0,0,0,0,0,0,0,16712190,4352,0,,,0,0,0,0,0,0,0,0,0,0,0,0,0,0,0,16712188,,0,0,0
193,607,4384,0,"Interface\TargetingFrame\UI-PVP-Horde","Defender",0,0,0,0,0,0,0,0,0,0,0,0,0,0,0,16712190,"Horde status",0,0,0,0,0,0,0,0,0,0,0,0,0,0,0,16712190,4352,0,,,0,0,0,0,0,0,0,0,0,0,0,0,0,0,0,16712188,,0,0,0
194,607,4384,0,,"End of Round: %3559w:%3560w%3561w",0,0,0,0,0,0,0,0,0,0,0,0,0,0,0,16712190,"Round ends after this duration",0,0,0,0,0,0,0,0,0,0,0,0,0,0,0,16712190,2889,0,,,0,0,0,0,0,0,0,0,0,0,0,0,0,0,0,16712188,,0,0,0
196,607,4384,0,"Interface\TargetingFrame\UI-PVP-Alliance","Defender",0,0,0,0,0,0,0,0,0,0,0,0,0,0,0,16712190,"Alliance status",0,0,0,0,0,0,0,0,0,0,0,0,0,0,0,16712190,4353,0,,,0,0,0,0,0,0,0,0,0,0,0,0,0,0,0,16712188,,0,0,0
197,607,4384,0,"Interface\TargetingFrame\UI-PVP-Horde","Attacker",0,0,0,0,0,0,0,0,0,0,0,0,0,0,0,16712190,"Horde status",0,0,0,0,0,0,0,0,0,0,0,0,0,0,0,16712190,4353,0,,,0,0,0,0,0,0,0,0,0,0,0,0,0,0,0,16712188,,0,0,0
198,607,4384,0,,"Bonus Time: %3559w:%3560w%3561w",0,0,0,0,0,0,0,0,0,0,0,0,0,0,0,16712190,"Time left for bonus points",0,0,0,0,0,0,0,0,0,0,0,0,0,0,0,16712190,3571,0,,,0,0,0,0,0,0,0,0,0,0,0,0,0,0,0,16712188,,0,0,0
199,607,4384,0,,"End of Round: %3559w:%3560w%3561w",0,0,0,0,0,0,0,0,0,0,0,0,0,0,0,16712190,"Round ends after this duration",0,0,0,0,0,0,0,0,0,0,0,0,0,0,0,16712190,3565,0,,,0,0,0,0,0,0,0,0,0,0,0,0,0,0,0,16712188,,0,0,0
247,607,4384,0,,"End of Round: %3559w:%3560w%3561w",0,0,0,0,0,0,0,0,0,0,0,0,0,0,0,16712190,"Round ends after this duration",0,0,0,0,0,0,0,0,0,0,0,0,0,0,0,16712190,3564,0,,,0,0,0,0,0,0,0,0,0,0,0,0,0,0,0,16712188,,0,0,0
213,608,0,0,,"Prison Seal Integrity: %3815w%",0,0,0,0,0,0,0,0,0,0,0,0,0,0,0,16712190,,0,0,0,0,0,0,0,0,0,0,0,0,0,0,0,16712188,3816,0,,,0,0,0,0,0,0,0,0,0,0,0,0,0,0,0,16712188,,0,0,0
214,608,4415,0,,"Portals Opened: %3810w/18",0,0,0,0,0,0,0,0,0,0,0,0,0,0,0,16712190,,0,0,0,0,0,0,0,0,0,0,0,0,0,0,0,16712188,3816,0,,,0,0,0,0,0,0,0,0,0,0,0,0,0,0,0,16712188,,0,0,0
200,609,0,128,,"Forces of the Light Remaining: %3590w",0,0,0,0,0,0,0,0,0,0,0,0,0,0,0,16712190,"Forces of the Light remaining!",0,0,0,0,0,0,0,0,0,0,0,0,0,0,0,16712190,3592,0,,,0,0,0,0,0,0,0,0,0,0,0,0,0,0,0,16712188,,0,0,0
201,609,0,128,,"Forces of the Scourge Remaining: %3591w",0,0,0,0,0,0,0,0,0,0,0,0,0,0,0,16712190,"Forces of the Scourge remaining!",0,0,0,0,0,0,0,0,0,0,0,0,0,0,0,16712190,3592,0,,,0,0,0,0,0,0,0,0,0,0,0,0,0,0,0,16712188,,0,0,0
202,609,0,128,,"%3604w minutes until the battle for Light's Hope Chapel begins!",0,0,0,0,0,0,0,0,0,0,0,0,0,0,0,16712190,"Time remaining until the battle for Light's Hope Chapel begins!",0,0,0,0,0,0,0,0,0,0,0,0,0,0,0,16712190,3603,1,,,0,0,0,0,0,0,0,0,0,0,0,0,0,0,0,16712172,,0,0,0
203,609,0,128,,"The battle for Light's Hope Chapel has begun!",0,0,0,0,0,0,0,0,0,0,0,0,0,0,0,16712190,,0,0,0,0,0,0,0,0,0,0,0,0,0,0,0,16712188,3605,1,,,0,0,0,0,0,0,0,0,0,0,0,0,0,0,0,16712188,,0,0,0
204,617,0,0,,"Gold Team: %3601w Players Remaining",0,0,0,0,0,0,0,0,0,0,0,0,0,0,0,16712190,,0,0,0,0,0,0,0,0,0,0,0,0,0,0,0,16712188,3610,0,,,0,0,0,0,0,0,0,0,0,0,0,0,0,0,0,16712188,,0,0,0
205,617,0,0,,"Green Team: %3600w Players Remaining",0,0,0,0,0,0,0,0,0,0,0,0,0,0,0,16712190,,0,0,0,0,0,0,0,0,0,0,0,0,0,0,0,16712188,3610,0,,,0,0,0,0,0,0,0,0,0,0,0,0,0,0,0,16712188,,0,0,0
206,618,0,0,,"Gold Team: %3601w Players Remaining",0,0,0,0,0,0,0,0,0,0,0,0,0,0,0,16712190,,0,0,0,0,0,0,0,0,0,0,0,0,0,0,0,16712188,3610,0,,,0,0,0,0,0,0,0,0,0,0,0,0,0,0,0,16712188,,0,0,0
207,618,0,0,,"Green Team: %3600w Players Remaining",0,0,0,0,0,0,0,0,0,0,0,0,0,0,0,16712190,,0,0,0,0,0,0,0,0,0,0,0,0,0,0,0,16712188,3610,0,,,0,0,0,0,0,0,0,0,0,0,0,0,0,0,0,16712188,,0,0,0
241,628,0,0,"Interface\TargetingFrame\UI-PVP-Alliance","Reinforcements: %4226w",0,0,0,0,0,0,0,0,0,0,0,0,0,0,0,16712190,"Alliance Reinforcements",0,0,0,0,0,0,0,0,0,0,0,0,0,0,0,16712190,4221,0,,,0,0,0,0,0,0,0,0,0,0,0,0,0,0,0,16712188,,0,0,0
242,628,0,0,"Interface\TargetingFrame\UI-PVP-Horde","Reinforcements: %4227w",0,0,0,0,0,0,0,0,0,0,0,0,0,0,0,16712190,"Horde Reinforcements",0,0,0,0,0,0,0,0,0,0,0,0,0,0,0,16712190,4222,0,,,0,0,0,0,0,0,0,0,0,0,0,0,0,0,0,16712188,,0,0,0
245,628,0,0,"Interface\WorldStateFrame\ColumnIcon-TowerCapture","Bases Assaulted",0,0,0,0,0,0,0,0,0,0,0,0,0,0,0,16712190,"Number of times enemy base banners have been removed",0,0,0,0,0,0,0,0,0,0,0,0,0,0,0,16712190,0,2,,,0,0,0,0,0,0,0,0,0,0,0,0,0,0,0,16712188,,0,0,0
246,628,0,0,"Interface\WorldStateFrame\ColumnIcon-TowerDefend","Bases Defended",0,0,0,0,0,0,0,0,0,0,0,0,0,0,0,16712190,"Number of times a base capture has been prevented",0,0,0,0,0,0,0,0,0,0,0,0,0,0,0,16712190,0,2,,,0,0,0,0,0,0,0,0,0,0,0,0,0,0,0,16712188,,0,0,0
250,631,0,0,,"Time Until Execution: %4904w Min",0,0,0,0,0,0,0,0,0,0,0,0,0,0,0,16712190,"Time remaining until Minchar succumbs.",0,0,0,0,0,0,0,0,0,0,0,0,0,0,0,16712190,4903,0,,,0,0,0,0,0,0,0,0,0,0,0,0,0,0,0,16712188,,0,0,0
254,631,4859,0,,"Unsuccessful Heroic Attempts until Retreat: %4941w of %4942w",0,0,0,0,0,0,0,0,0,0,0,0,0,0,0,16712190,,0,0,0,0,0,0,0,0,0,0,0,0,0,0,0,16712188,4940,0,,,0,0,0,0,0,0,0,0,0,0,0,0,0,0,0,16712188,,0,0,0
253,631,4889,0,,"Unsuccessful Heroic Attempts until Retreat: %4941w of %4942w",0,0,0,0,0,0,0,0,0,0,0,0,0,0,0,16712190,,0,0,0,0,0,0,0,0,0,0,0,0,0,0,0,16712188,4940,0,,,0,0,0,0,0,0,0,0,0,0,0,0,0,0,0,16712188,,0,0,0
251,631,4890,0,,"Unsuccessful Heroic Attempts until Retreat: %4941w of %4942w",0,0,0,0,0,0,0,0,0,0,0,0,0,0,0,16712190,,0,0,0,0,0,0,0,0,0,0,0,0,0,0,0,16712188,4940,0,,,0,0,0,0,0,0,0,0,0,0,0,0,0,0,0,16712188,,0,0,0
252,631,4891,0,,"Unsuccessful Heroic Attempts until Retreat: %4941w of %4942w",0,0,0,0,0,0,0,0,0,0,0,0,0,0,0,16712190,,0,0,0,0,0,0,0,0,0,0,0,0,0,0,0,16712188,4940,0,,,0,0,0,0,0,0,0,0,0,0,0,0,0,0,0,16712188,,0,0,0
255,631,4910,0,,"Unsuccessful Heroic Attempts until Retreat: %4941w of %4942w",0,0,0,0,0,0,0,0,0,0,0,0,0,0,0,16712190,,0,0,0,0,0,0,0,0,0,0,0,0,0,0,0,16712188,4940,0,,,0,0,0,0,0,0,0,0,0,0,0,0,0,0,0,16712188,,0,0,0
248,649,0,0,,"Unsuccessful Attempts Remaining: %4389w",0,0,0,0,0,0,0,0,0,0,0,0,0,0,0,16712190,,0,0,0,0,0,0,0,0,0,0,0,0,0,0,0,16712188,4390,0,,,0,0,0,0,0,0,0,0,0,0,0,0,0,0,0,16712188,,0,0,0
249,668,0,0,,"Spirit Wave = %4882w/10",0,0,0,0,0,0,0,0,0,0,0,0,0,0,0,16712190,"Number of Spirit waves encountered.",0,0,0,0,0,0,0,0,0,0,0,0,0,0,0,16712190,4884,0,,,0,0,0,0,0,0,0,0,0,0,0,0,0,0,0,16712188,,0,0,0
272,724,0,32,,"Halion's corporeality: %5050w%",0,0,0,0,0,0,0,0,0,0,0,0,0,0,0,16712190,"Halion's corporeality in this dimension",0,0,0,0,0,0,0,0,0,0,0,0,0,0,0,16712190,5051,1,,,0,0,0,0,0,0,0,0,0,0,0,0,0,0,0,16712188,,0,0,0
273,724,0,1,,"Halion's corporeality: %5049w%",0,0,0,0,0,0,0,0,0,0,0,0,0,0,0,16712190,"Halion's corporeality in this dimension",0,0,0,0,0,0,0,0,0,0,0,0,0,0,0,16712190,5051,1,,,0,0,0,0,0,0,0,0,0,0,0,0,0,0,0,16712188,,0,0,0
274,1,14,0,"Interface\WorldStateFrame\AllianceTower","Echo Outpost",0,0,0,0,0,0,0,0,0,0,0,0,0,0,0,16712190,"Alliance Controlled Beacon",0,0,0,0,0,0,0,0,0,0,0,0,0,0,0,16712190,5052,1,,,0,0,0,0,0,0,0,0,0,0,0,0,0,0,0,16712188,,0,0,0
275,1,14,0,"Interface\WorldStateFrame\HordeTower","Echo Outpost",0,0,0,0,0,0,0,0,0,0,0,0,0,0,0,16712190,"Horde Controlled Beacon",0,0,0,0,0,0,0,0,0,0,0,0,0,0,0,16712190,5053,1,,,0,0,0,0,0,0,0,0,0,0,0,0,0,0,0,16712188,,0,0,0
